{"commitInfo":{"timestamp":1741170842363,"operation":"CREATE OR REPLACE TABLE AS SELECT","operationParameters":{"partitionBy":"[]","clusterBy":"[]","description":null,"isManaged":"true","properties":"{\"delta.parquet.vorder.enabled\":\"true\"}"},"isolationLevel":"Serializable","isBlindAppend":false,"operationMetrics":{"numFiles":"1","numOutputRows":"105","numOutputBytes":"4436"},"tags":{"VORDER":"true"},"engineInfo":"Apache-Spark/3.5.1.5.4.20250205.3 Delta-Lake/3.2.0.13","txnId":"4a434e91-8327-4fb8-9269-f6925fc20fb4"}}
{"metaData":{"id":"5876e858-3b9a-4bbb-97a6-1899f8d9fb12","format":{"provider":"parquet","options":{}},"schemaString":"{\"type\":\"struct\",\"fields\":[{\"name\":\"CurrencyCode\",\"type\":\"string\",\"nullable\":true,\"metadata\":{}},{\"name\":\"CurrencyName\",\"type\":\"string\",\"nullable\":true,\"metadata\":{}},{\"name\":\"FileName\",\"type\":\"string\",\"nullable\":true,\"metadata\":{}},{\"name\":\"LineageKey\",\"type\":\"string\",\"nullable\":true,\"metadata\":{}}]}","partitionColumns":[],"configuration":{"delta.parquet.vorder.enabled":"true"},"createdTime":1741170841653}}
{"protocol":{"minReaderVersion":1,"minWriterVersion":2}}
{"add":{"path":"part-00000-d0e67f3a-7ce6-4322-9c79-0aaeee14c331-c000.snappy.parquet","partitionValues":{},"size":4436,"modificationTime":1741170842062,"dataChange":true,"stats":"{\"numRecords\":105,\"minValues\":{\"LineageKey\":\"54bdc697-92e0-47b8-b806-704ae01e\",\"FileName\":\"Currency.csv\",\"CurrencyName\":\"Afghani\",\"CurrencyCode\":\"AED\"},\"maxValues\":{\"LineageKey\":\"54bdc697-92e0-47b8-b806-704ae01e\",\"FileName\":\"Currency.csv\",\"CurrencyName\":\"Zloty\",\"CurrencyCode\":\"ZWD\"},\"nullCount\":{\"LineageKey\":0,\"FileName\":0,\"CurrencyName\":0,\"CurrencyCode\":0}}","tags":{"VORDER":"true"}}}
