{"commitInfo":{"timestamp":1741170845258,"operation":"CREATE OR REPLACE TABLE AS SELECT","operationParameters":{"partitionBy":"[]","clusterBy":"[]","description":null,"isManaged":"true","properties":"{\"delta.parquet.vorder.enabled\":\"true\"}"},"isolationLevel":"Serializable","isBlindAppend":false,"operationMetrics":{"numFiles":"1","numOutputRows":"3652","numOutputBytes":"42160"},"tags":{"VORDER":"true"},"engineInfo":"Apache-Spark/3.5.1.5.4.20250205.3 Delta-Lake/3.2.0.13","txnId":"1840b098-abe6-4619-9dcc-21b02374d389"}}
{"metaData":{"id":"66571ffb-9880-4439-9f9e-e5ab4b39b910","format":{"provider":"parquet","options":{}},"schemaString":"{\"type\":\"struct\",\"fields\":[{\"name\":\"Date\",\"type\":\"string\",\"nullable\":true,\"metadata\":{}},{\"name\":\"DayNumberOfWeek\",\"type\":\"string\",\"nullable\":true,\"metadata\":{}},{\"name\":\"EnglishDayNameOfWeek\",\"type\":\"string\",\"nullable\":true,\"metadata\":{}},{\"name\":\"SpanishDayNameOfWeek\",\"type\":\"string\",\"nullable\":true,\"metadata\":{}},{\"name\":\"FrenchDayNameOfWeek\",\"type\":\"string\",\"nullable\":true,\"metadata\":{}},{\"name\":\"DayNumberOfMonth\",\"type\":\"string\",\"nullable\":true,\"metadata\":{}},{\"name\":\"DayNumberOfYear\",\"type\":\"string\",\"nullable\":true,\"metadata\":{}},{\"name\":\"WeekNumberOfYear\",\"type\":\"string\",\"nullable\":true,\"metadata\":{}},{\"name\":\"EnglishMonthName\",\"type\":\"string\",\"nullable\":true,\"metadata\":{}},{\"name\":\"SpanishMonthName\",\"type\":\"string\",\"nullable\":true,\"metadata\":{}},{\"name\":\"FrenchMonthName\",\"type\":\"string\",\"nullable\":true,\"metadata\":{}},{\"name\":\"MonthNumberOfYear\",\"type\":\"string\",\"nullable\":true,\"metadata\":{}},{\"name\":\"CalendarQuarter\",\"type\":\"string\",\"nullable\":true,\"metadata\":{}},{\"name\":\"CalendarYear\",\"type\":\"string\",\"nullable\":true,\"metadata\":{}},{\"name\":\"CalendarSemester\",\"type\":\"string\",\"nullable\":true,\"metadata\":{}},{\"name\":\"FiscalQuarter\",\"type\":\"string\",\"nullable\":true,\"metadata\":{}},{\"name\":\"FiscalYear\",\"type\":\"string\",\"nullable\":true,\"metadata\":{}},{\"name\":\"FiscalSemester\",\"type\":\"string\",\"nullable\":true,\"metadata\":{}},{\"name\":\"FileName\",\"type\":\"string\",\"nullable\":true,\"metadata\":{}},{\"name\":\"LineageKey\",\"type\":\"string\",\"nullable\":true,\"metadata\":{}}]}","partitionColumns":[],"configuration":{"delta.parquet.vorder.enabled":"true"},"createdTime":1741170844531}}
{"protocol":{"minReaderVersion":1,"minWriterVersion":2}}
{"add":{"path":"part-00000-249b92e2-472c-4333-9ef2-f402fe0dae1c-c000.snappy.parquet","partitionValues":{},"size":42160,"modificationTime":1741170845025,"dataChange":true,"stats":"{\"numRecords\":3652,\"minValues\":{\"DayNumberOfWeek\":\"1\",\"EnglishMonthName\":\"April\",\"FrenchMonthName\":\"Août\",\"DayNumberOfMonth\":\"1\",\"DayNumberOfYear\":\"1\",\"SpanishDayNameOfWeek\":\"Domingo\",\"FrenchDayNameOfWeek\":\"Dimanche\",\"EnglishDayNameOfWeek\":\"Friday\",\"MonthNumberOfYear\":\"1\",\"CalendarYear\":\"2005\",\"WeekNumberOfYear\":\"1\",\"FiscalYear\":\"2005\",\"SpanishMonthName\":\"Abril\",\"CalendarQuarter\":\"1\",\"CalendarSemester\":\"1\",\"FileName\":\"Date.csv\",\"FiscalQuarter\":\"1\",\"Date\":\"01/01/2005\",\"LineageKey\":\"54bdc697-92e0-47b8-b806-704ae01e\",\"FiscalSemester\":\"1\"},\"maxValues\":{\"DayNumberOfWeek\":\"7\",\"EnglishMonthName\":\"September\",\"FrenchMonthName\":\"Septembre\",\"DayNumberOfMonth\":\"9\",\"DayNumberOfYear\":\"99\",\"SpanishDayNameOfWeek\":\"Viernes\",\"FrenchDayNameOfWeek\":\"Vendredi\",\"EnglishDayNameOfWeek\":\"Wednesday\",\"MonthNumberOfYear\":\"9\",\"CalendarYear\":\"2014\",\"WeekNumberOfYear\":\"9\",\"FiscalYear\":\"2014\",\"SpanishMonthName\":\"Septiembre\",\"CalendarQuarter\":\"4\",\"CalendarSemester\":\"2\",\"FileName\":\"Date.csv\",\"FiscalQuarter\":\"4\",\"Date\":\"31/12/2014\",\"LineageKey\":\"54bdc697-92e0-47b8-b806-704ae01e\",\"FiscalSemester\":\"2\"},\"nullCount\":{\"DayNumberOfWeek\":0,\"EnglishMonthName\":0,\"FrenchMonthName\":0,\"DayNumberOfMonth\":0,\"DayNumberOfYear\":0,\"SpanishDayNameOfWeek\":0,\"FrenchDayNameOfWeek\":0,\"EnglishDayNameOfWeek\":0,\"MonthNumberOfYear\":0,\"CalendarYear\":0,\"WeekNumberOfYear\":0,\"FiscalYear\":0,\"SpanishMonthName\":0,\"CalendarQuarter\":0,\"CalendarSemester\":0,\"FileName\":0,\"FiscalQuarter\":0,\"Date\":0,\"LineageKey\":0,\"FiscalSemester\":0}}","tags":{"VORDER":"true"}}}
