{"commitInfo":{"timestamp":1733841988919,"operation":"MERGE","operationParameters":{"predicate":"[\"(Report_Refresh_Date#2051 = Report_Refresh_Date#1989)\"]","matchedPredicates":"[]","notMatchedPredicates":"[{\"actionType\":\"insert\"}]","notMatchedBySourcePredicates":"[]"},"readVersion":0,"isolationLevel":"Serializable","isBlindAppend":false,"operationMetrics":{"numTargetRowsCopied":"0","numTargetRowsDeleted":"0","numTargetFilesAdded":"1","numTargetBytesAdded":"16262","numTargetBytesRemoved":"0","numTargetDeletionVectorsAdded":"0","numTargetRowsMatchedUpdated":"0","executionTimeMs":"902","numTargetRowsInserted":"53","numTargetRowsMatchedDeleted":"0","numTargetDeletionVectorsUpdated":"0","scanTimeMs":"0","numTargetRowsUpdated":"0","numOutputRows":"53","numTargetDeletionVectorsRemoved":"0","numTargetRowsNotMatchedBySourceUpdated":"0","numTargetChangeFilesAdded":"0","numSourceRows":"53","numTargetFilesRemoved":"0","numTargetRowsNotMatchedBySourceDeleted":"0","rewriteTimeMs":"853"},"tags":{"VORDER":"true"},"engineInfo":"Apache-Spark/3.5.1.5.4.20241007.4 Delta-Lake/3.2.0.5","txnId":"660ce4b9-5080-4ad2-8c22-dc11124d5411"}}
{"add":{"path":"part-00000-0e075977-3c43-414f-9e15-a47eb8042a5b-c000.snappy.parquet","partitionValues":{},"size":16262,"modificationTime":1733841988736,"dataChange":true,"stats":"{\"minValues\":{\"Deleted_Item_Quota__Byte\":32212254720,\"Display_Name\":\"Aidan Dowling\",\"Prohibit_Send_Receive_Quota__Byte\":107374182400,\"Deleted_Item_Size__Byte\":0,\"Created_Date\":\"2014-08-24\",\"Deleted_Item_Count\":0,\"Last_Activity_Date\":\"2018-12-02\",\"Issue_Warning_Quota__Byte\":105226698752,\"RowChecksum\":\"04b63c689861de5873c9d15363b64df9\",\"Prohibit_Send_Quota__Byte\":106300440576,\"Storage_Used__Byte\":858699,\"FileName\":\"https://graph.microsoft.com/v1.0\",\"Report_Period\":90,\"Item_Count\":117,\"User_Principal_Name\":\"Aisling@mcentee.me\",\"RowNumber\":2,\"LineageKey\":\"00000000-0000-0000-0000-00000000\",\"Report_Refresh_Date\":\"2024-12-08\"},\"maxValues\":{\"Deleted_Item_Quota__Byte\":32212254720,\"Display_Name\":\"usfinancefiles301\",\"Prohibit_Send_Receive_Quota__Byte\":107374182400,\"Deleted_Item_Size__Byte\":434479174,\"Created_Date\":\"2024-11-23\",\"Deleted_Item_Count\":46050,\"Last_Activity_Date\":\"2024-12-08\",\"Issue_Warning_Quota__Byte\":105226698752,\"RowChecksum\":\"fca997dd21d74fe3dfc2a1c9ed52d42f\",\"Prohibit_Send_Quota__Byte\":106300440576,\"Storage_Used__Byte\":91780271988,\"FileName\":\"https://graph.microsoft.com/v1.0\",\"Report_Period\":90,\"Item_Count\":510572,\"User_Principal_Name\":\"vadym@prodata.ie\",\"RowNumber\":54,\"LineageKey\":\"00000000-0000-0000-0000-00000000\",\"Report_Refresh_Date\":\"2024-12-08\"},\"nullCount\":{\"Deleted_Item_Quota__Byte\":0,\"Display_Name\":0,\"Is_Deleted\":0,\"Prohibit_Send_Receive_Quota__Byte\":0,\"Deleted_Item_Size__Byte\":0,\"Created_Date\":0,\"Deleted_Item_Count\":0,\"Last_Activity_Date\":23,\"Issue_Warning_Quota__Byte\":0,\"RowChecksum\":0,\"Deleted_Date\":53,\"Prohibit_Send_Quota__Byte\":0,\"Storage_Used__Byte\":0,\"FileName\":0,\"Report_Period\":0,\"Item_Count\":0,\"User_Principal_Name\":0,\"RowNumber\":0,\"LineageKey\":0,\"Report_Refresh_Date\":0,\"Has_Archive\":0},\"numRecords\":53}","tags":{"VORDER":"true"}}}
