{"commitInfo":{"timestamp":1733783472838,"operation":"CREATE OR REPLACE TABLE AS SELECT","operationParameters":{"partitionBy":"[]","clusterBy":"[]","description":null,"isManaged":"true","properties":"{\"delta.parquet.vorder.enabled\":\"true\"}"},"isolationLevel":"Serializable","isBlindAppend":false,"operationMetrics":{"numFiles":"1","numOutputRows":"53","numOutputBytes":"16279"},"tags":{"VORDER":"true"},"engineInfo":"Apache-Spark/3.5.1.5.4.20241007.4 Delta-Lake/3.2.0.5","txnId":"a9f52234-065c-43b4-91a6-0e3222c59c06"}}
{"metaData":{"id":"1484576c-138a-4c57-89b9-0d7d4a7e4ad6","format":{"provider":"parquet","options":{}},"schemaString":"{\"type\":\"struct\",\"fields\":[{\"name\":\"RowNumber\",\"type\":\"long\",\"nullable\":true,\"metadata\":{}},{\"name\":\"Report_Refresh_Date\",\"type\":\"string\",\"nullable\":true,\"metadata\":{}},{\"name\":\"User_Principal_Name\",\"type\":\"string\",\"nullable\":true,\"metadata\":{}},{\"name\":\"Display_Name\",\"type\":\"string\",\"nullable\":true,\"metadata\":{}},{\"name\":\"Is_Deleted\",\"type\":\"boolean\",\"nullable\":true,\"metadata\":{}},{\"name\":\"Deleted_Date\",\"type\":\"double\",\"nullable\":true,\"metadata\":{}},{\"name\":\"Created_Date\",\"type\":\"string\",\"nullable\":true,\"metadata\":{}},{\"name\":\"Last_Activity_Date\",\"type\":\"string\",\"nullable\":true,\"metadata\":{}},{\"name\":\"Item_Count\",\"type\":\"long\",\"nullable\":true,\"metadata\":{}},{\"name\":\"Storage_Used__Byte\",\"type\":\"long\",\"nullable\":true,\"metadata\":{}},{\"name\":\"Issue_Warning_Quota__Byte\",\"type\":\"long\",\"nullable\":true,\"metadata\":{}},{\"name\":\"Prohibit_Send_Quota__Byte\",\"type\":\"long\",\"nullable\":true,\"metadata\":{}},{\"name\":\"Prohibit_Send_Receive_Quota__Byte\",\"type\":\"long\",\"nullable\":true,\"metadata\":{}},{\"name\":\"Deleted_Item_Count\",\"type\":\"long\",\"nullable\":true,\"metadata\":{}},{\"name\":\"Deleted_Item_Size__Byte\",\"type\":\"long\",\"nullable\":true,\"metadata\":{}},{\"name\":\"Deleted_Item_Quota__Byte\",\"type\":\"long\",\"nullable\":true,\"metadata\":{}},{\"name\":\"Has_Archive\",\"type\":\"boolean\",\"nullable\":true,\"metadata\":{}},{\"name\":\"Report_Period\",\"type\":\"long\",\"nullable\":true,\"metadata\":{}},{\"name\":\"LineageKey\",\"type\":\"string\",\"nullable\":true,\"metadata\":{}},{\"name\":\"FileName\",\"type\":\"string\",\"nullable\":true,\"metadata\":{}},{\"name\":\"RowChecksum\",\"type\":\"string\",\"nullable\":true,\"metadata\":{}}]}","partitionColumns":[],"configuration":{"delta.parquet.vorder.enabled":"true"},"createdTime":1733783472139}}
{"protocol":{"minReaderVersion":1,"minWriterVersion":2}}
{"add":{"path":"part-00000-f604d5de-b129-420b-a18a-82c179c9e9d4-c000.snappy.parquet","partitionValues":{},"size":16279,"modificationTime":1733783472527,"dataChange":true,"stats":"{\"minValues\":{\"Deleted_Item_Quota__Byte\":32212254720,\"Display_Name\":\"Aidan Dowling\",\"Prohibit_Send_Receive_Quota__Byte\":107374182400,\"Deleted_Item_Size__Byte\":0,\"Created_Date\":\"2014-08-24\",\"Deleted_Item_Count\":0,\"Last_Activity_Date\":\"2018-12-02\",\"Issue_Warning_Quota__Byte\":105226698752,\"RowChecksum\":\"032753b3a3606cec6ab378377d04f2e7\",\"Prohibit_Send_Quota__Byte\":106300440576,\"Storage_Used__Byte\":858699,\"FileName\":\"https://graph.microsoft.com/v1.0\",\"Report_Period\":90,\"Item_Count\":114,\"User_Principal_Name\":\"Aisling@mcentee.me\",\"RowNumber\":2,\"LineageKey\":\"00000000-0000-0000-0000-00000000\",\"Report_Refresh_Date\":\"2024-12-07\"},\"maxValues\":{\"Deleted_Item_Quota__Byte\":32212254720,\"Display_Name\":\"usfinancefiles301\",\"Prohibit_Send_Receive_Quota__Byte\":107374182400,\"Deleted_Item_Size__Byte\":441472409,\"Created_Date\":\"2024-11-23\",\"Deleted_Item_Count\":46038,\"Last_Activity_Date\":\"2024-12-07\",\"Issue_Warning_Quota__Byte\":105226698752,\"RowChecksum\":\"fb5b5eedb048bd64c83a44868f8bca43\",\"Prohibit_Send_Quota__Byte\":106300440576,\"Storage_Used__Byte\":91764551185,\"FileName\":\"https://graph.microsoft.com/v1.0\",\"Report_Period\":90,\"Item_Count\":510422,\"User_Principal_Name\":\"vadym@prodata.ie\",\"RowNumber\":54,\"LineageKey\":\"00000000-0000-0000-0000-00000000\",\"Report_Refresh_Date\":\"2024-12-07\"},\"nullCount\":{\"Deleted_Item_Quota__Byte\":0,\"Display_Name\":0,\"Is_Deleted\":0,\"Prohibit_Send_Receive_Quota__Byte\":0,\"Deleted_Item_Size__Byte\":0,\"Created_Date\":0,\"Deleted_Item_Count\":0,\"Last_Activity_Date\":23,\"Issue_Warning_Quota__Byte\":0,\"RowChecksum\":0,\"Deleted_Date\":53,\"Prohibit_Send_Quota__Byte\":0,\"Storage_Used__Byte\":0,\"FileName\":0,\"Report_Period\":0,\"Item_Count\":0,\"User_Principal_Name\":0,\"RowNumber\":0,\"LineageKey\":0,\"Report_Refresh_Date\":0,\"Has_Archive\":0},\"numRecords\":53}","tags":{"VORDER":"true"}}}
