{"commitInfo":{"timestamp":1733843310406,"operation":"CREATE OR REPLACE TABLE AS SELECT","operationParameters":{"partitionBy":"[]","clusterBy":"[]","description":null,"isManaged":"true","properties":"{\"delta.parquet.vorder.enabled\":\"true\"}"},"readVersion":0,"isolationLevel":"Serializable","isBlindAppend":false,"operationMetrics":{"numFiles":"1","numOutputRows":"20","numOutputBytes":"3622"},"tags":{"VORDER":"true"},"engineInfo":"Apache-Spark/3.5.1.5.4.20241007.4 Delta-Lake/3.2.0.5","txnId":"937dc809-4340-4def-833a-8c93fa5de65d"}}
{"add":{"path":"part-00000-49b343b3-c92a-4412-abdc-db3630780aae-c000.snappy.parquet","partitionValues":{},"size":3622,"modificationTime":1733843309846,"dataChange":true,"stats":"{\"minValues\":{\"modify_date\":\"2024-12-09T22:46:18.467Z\",\"edw_object_name\":\"aw.account\",\"edw_table_name\":\"account\",\"schema_name\":\"aw\",\"create_date\":\"2024-12-09T22:46:18.467Z\"},\"maxValues\":{\"modify_date\":\"2024-12-10T15:00:51.723Z\",\"edw_object_name\":\"dbo.xmltest\",\"edw_table_name\":\"xmltest\",\"schema_name\":\"dbo\",\"create_date\":\"2024-12-10T15:00:51.723Z\"},\"nullCount\":{\"modify_date\":0,\"edw_object_name\":2,\"edw_table_name\":0,\"schema_name\":2,\"create_date\":0},\"numRecords\":20}","tags":{"VORDER":"true"}}}
{"remove":{"path":"part-00000-1e06cd90-305b-4f1f-81c2-e3e8a8cfb6b2-c000.snappy.parquet","deletionTimestamp":1733843310405,"dataChange":true,"extendedFileMetadata":true,"partitionValues":{},"size":3233,"tags":{"VORDER":"true"}}}
