{"commitInfo":{"timestamp":1733853224135,"operation":"CREATE OR REPLACE TABLE AS SELECT","operationParameters":{"partitionBy":"[]","clusterBy":"[]","description":null,"isManaged":"true","properties":"{\"delta.parquet.vorder.enabled\":\"true\"}"},"readVersion":1,"isolationLevel":"Serializable","isBlindAppend":false,"operationMetrics":{"numFiles":"1","numOutputRows":"20","numOutputBytes":"3630"},"tags":{"VORDER":"true"},"engineInfo":"Apache-Spark/3.5.1.5.4.20241007.4 Delta-Lake/3.2.0.5","txnId":"0bd3bc61-f51c-4741-bfd3-0027f69b19f5"}}
{"add":{"path":"part-00000-7b30d321-c079-4be9-a374-6f51422bca2e-c000.snappy.parquet","partitionValues":{},"size":3630,"modificationTime":1733853223613,"dataChange":true,"stats":"{\"minValues\":{\"modify_date\":\"2024-12-09T22:46:18.467Z\",\"edw_object_name\":\"aw.account\",\"edw_table_name\":\"account\",\"schema_name\":\"aw\",\"create_date\":\"2024-12-09T22:46:18.467Z\"},\"maxValues\":{\"modify_date\":\"2024-12-10T15:20:27.650Z\",\"edw_object_name\":\"dbo.xmltest\",\"edw_table_name\":\"xmltest\",\"schema_name\":\"dbo\",\"create_date\":\"2024-12-10T15:20:27.650Z\"},\"nullCount\":{\"modify_date\":0,\"edw_object_name\":2,\"edw_table_name\":0,\"schema_name\":2,\"create_date\":0},\"numRecords\":20}","tags":{"VORDER":"true"}}}
{"remove":{"path":"part-00000-49b343b3-c92a-4412-abdc-db3630780aae-c000.snappy.parquet","deletionTimestamp":1733853224134,"dataChange":true,"extendedFileMetadata":true,"partitionValues":{},"size":3622,"tags":{"VORDER":"true"}}}
