{"commitInfo":{"timestamp":1740159657855,"operation":"CREATE OR REPLACE TABLE AS SELECT","operationParameters":{"partitionBy":"[]","clusterBy":"[]","description":null,"isManaged":"true","properties":"{\"delta.parquet.vorder.enabled\":\"true\"}"},"readVersion":5,"isolationLevel":"Serializable","isBlindAppend":false,"operationMetrics":{"numFiles":"1","numOutputRows":"18","numOutputBytes":"3697"},"tags":{"VORDER":"true"},"engineInfo":"Apache-Spark/3.5.1.5.4.20241007.4 Delta-Lake/3.2.0.5","txnId":"f1da75fb-0191-4422-aaf7-64f0c1638235"}}
{"add":{"path":"part-00000-ade176ca-b8c8-4ef9-9af8-513d1fbac4a1-c000.snappy.parquet","partitionValues":{},"size":3697,"modificationTime":1740159657313,"dataChange":true,"stats":"{\"minValues\":{\"modify_date\":\"2024-12-09T22:46:18.467Z\",\"edw_object_name\":\"aw_int.mailboxusagedetail\",\"edw_table_name\":\"account\",\"schema_name\":\"aw_int\",\"create_date\":\"2024-12-09T22:46:18.467Z\"},\"maxValues\":{\"modify_date\":\"2025-02-21T16:02:32.790Z\",\"edw_object_name\":\"dwa.transactions\",\"edw_table_name\":\"transactions\",\"schema_name\":\"dwa\",\"create_date\":\"2025-02-21T16:02:32.790Z\"},\"nullCount\":{\"modify_date\":0,\"edw_object_name\":0,\"edw_table_name\":0,\"schema_name\":0,\"create_date\":0},\"numRecords\":18}","tags":{"VORDER":"true"}}}
{"remove":{"path":"part-00000-ec3c39e5-aed1-4b60-a116-675531383e39-c000.snappy.parquet","deletionTimestamp":1740159657853,"dataChange":true,"extendedFileMetadata":true,"partitionValues":{},"size":3716,"tags":{"VORDER":"true"}}}
