{"commitInfo":{"timestamp":1740054369343,"operation":"CREATE OR REPLACE TABLE AS SELECT","operationParameters":{"partitionBy":"[]","clusterBy":"[]","description":null,"isManaged":"true","properties":"{\"delta.parquet.vorder.enabled\":\"true\"}"},"readVersion":4,"isolationLevel":"Serializable","isBlindAppend":false,"operationMetrics":{"numFiles":"1","numOutputRows":"18","numOutputBytes":"3716"},"tags":{"VORDER":"true"},"engineInfo":"Apache-Spark/3.5.1.5.4.20241007.4 Delta-Lake/3.2.0.5","txnId":"165102c7-9d13-4895-a877-53fae381151f"}}
{"add":{"path":"part-00000-ec3c39e5-aed1-4b60-a116-675531383e39-c000.snappy.parquet","partitionValues":{},"size":3716,"modificationTime":1740054368940,"dataChange":true,"stats":"{\"minValues\":{\"modify_date\":\"2024-12-09T22:46:18.467Z\",\"edw_object_name\":\"aw_int.mailboxusagedetail\",\"edw_table_name\":\"account\",\"schema_name\":\"aw_int\",\"create_date\":\"2024-12-09T22:46:18.467Z\"},\"maxValues\":{\"modify_date\":\"2025-02-20T12:21:00.990Z\",\"edw_object_name\":\"dwa.transactions\",\"edw_table_name\":\"transactions\",\"schema_name\":\"dwa\",\"create_date\":\"2025-02-20T12:21:00.990Z\"},\"nullCount\":{\"modify_date\":0,\"edw_object_name\":0,\"edw_table_name\":0,\"schema_name\":0,\"create_date\":0},\"numRecords\":18}","tags":{"VORDER":"true"}}}
{"remove":{"path":"part-00000-4d44f883-3561-4ea8-9883-4461900d0188-c000.snappy.parquet","deletionTimestamp":1740054369342,"dataChange":true,"extendedFileMetadata":true,"partitionValues":{},"size":3707,"tags":{"VORDER":"true"}}}
