{"commitInfo":{"timestamp":1733838722974,"operation":"CREATE OR REPLACE TABLE AS SELECT","operationParameters":{"partitionBy":"[]","clusterBy":"[]","description":null,"isManaged":"true","properties":"{\"delta.parquet.vorder.enabled\":\"true\"}"},"isolationLevel":"Serializable","isBlindAppend":false,"operationMetrics":{"numFiles":"1","numOutputRows":"11","numOutputBytes":"3233"},"tags":{"VORDER":"true"},"engineInfo":"Apache-Spark/3.5.1.5.4.20241007.4 Delta-Lake/3.2.0.5","txnId":"611694d8-445e-4ea7-8d02-0d17aeeebfb0"}}
{"metaData":{"id":"76176bb9-dfae-42dd-a9b0-6659c727494c","format":{"provider":"parquet","options":{}},"schemaString":"{\"type\":\"struct\",\"fields\":[{\"name\":\"edw_object_name\",\"type\":\"string\",\"nullable\":true,\"metadata\":{}},{\"name\":\"edw_table_name\",\"type\":\"string\",\"nullable\":true,\"metadata\":{}},{\"name\":\"schema_name\",\"type\":\"string\",\"nullable\":true,\"metadata\":{}},{\"name\":\"create_date\",\"type\":\"timestamp\",\"nullable\":true,\"metadata\":{}},{\"name\":\"modify_date\",\"type\":\"timestamp\",\"nullable\":true,\"metadata\":{}}]}","partitionColumns":[],"configuration":{"delta.parquet.vorder.enabled":"true"},"createdTime":1733838722256}}
{"protocol":{"minReaderVersion":1,"minWriterVersion":2}}
{"add":{"path":"part-00000-1e06cd90-305b-4f1f-81c2-e3e8a8cfb6b2-c000.snappy.parquet","partitionValues":{},"size":3233,"modificationTime":1733838722611,"dataChange":true,"stats":"{\"minValues\":{\"modify_date\":\"2024-12-09T19:30:24.620Z\",\"edw_object_name\":\"aw.account\",\"edw_table_name\":\"account\",\"schema_name\":\"aw\",\"create_date\":\"2024-12-09T19:30:24.620Z\"},\"maxValues\":{\"modify_date\":\"2024-12-09T22:46:20.597Z\",\"edw_object_name\":\"aw.transactions\",\"edw_table_name\":\"transactions\",\"schema_name\":\"aw\",\"create_date\":\"2024-12-09T22:46:20.597Z\"},\"nullCount\":{\"modify_date\":0,\"edw_object_name\":2,\"edw_table_name\":0,\"schema_name\":2,\"create_date\":0},\"numRecords\":11}","tags":{"VORDER":"true"}}}
