{"commitInfo":{"timestamp":1739958189136,"operation":"CREATE OR REPLACE TABLE AS SELECT","operationParameters":{"partitionBy":"[]","clusterBy":"[]","description":null,"isManaged":"true","properties":"{\"delta.parquet.vorder.enabled\":\"true\"}"},"readVersion":2,"isolationLevel":"Serializable","isBlindAppend":false,"operationMetrics":{"numFiles":"1","numOutputRows":"21","numOutputBytes":"3657"},"tags":{"VORDER":"true"},"engineInfo":"Apache-Spark/3.5.1.5.4.20241007.4 Delta-Lake/3.2.0.5","txnId":"f3323ff4-399b-4f03-948a-5c7a2a3799f3"}}
{"add":{"path":"part-00000-0992e8cb-fd6d-408c-91ce-aa447d9eddb9-c000.snappy.parquet","partitionValues":{},"size":3657,"modificationTime":1739958188734,"dataChange":true,"stats":"{\"minValues\":{\"modify_date\":\"2024-12-09T22:46:18.467Z\",\"edw_object_name\":\"aw.account\",\"edw_table_name\":\"account\",\"schema_name\":\"aw\",\"create_date\":\"2024-12-09T22:46:18.467Z\"},\"maxValues\":{\"modify_date\":\"2025-02-10T18:16:46.573Z\",\"edw_object_name\":\"dbo.xmltest\",\"edw_table_name\":\"xmltest\",\"schema_name\":\"dbo\",\"create_date\":\"2025-02-10T18:16:46.573Z\"},\"nullCount\":{\"modify_date\":0,\"edw_object_name\":2,\"edw_table_name\":0,\"schema_name\":2,\"create_date\":0},\"numRecords\":21}","tags":{"VORDER":"true"}}}
{"remove":{"path":"part-00000-7b30d321-c079-4be9-a374-6f51422bca2e-c000.snappy.parquet","deletionTimestamp":1739958189135,"dataChange":true,"extendedFileMetadata":true,"partitionValues":{},"size":3630,"tags":{"VORDER":"true"}}}
