{"commitInfo":{"timestamp":1740477381953,"operation":"CREATE OR REPLACE TABLE AS SELECT","operationParameters":{"partitionBy":"[]","clusterBy":"[]","description":null,"isManaged":"true","properties":"{\"delta.parquet.vorder.enabled\":\"true\"}"},"readVersion":7,"isolationLevel":"Serializable","isBlindAppend":false,"operationMetrics":{"numFiles":"1","numOutputRows":"18","numOutputBytes":"3701"},"tags":{"VORDER":"true"},"engineInfo":"Apache-Spark/3.5.1.5.4.20250205.3 Delta-Lake/3.2.0.13","txnId":"3823b8b6-d246-441d-bb59-5b3c4a819dea"}}
{"add":{"path":"part-00000-e6953b0b-22b8-4c94-bfd1-677320f0ebb6-c000.snappy.parquet","partitionValues":{},"size":3701,"modificationTime":1740477381369,"dataChange":true,"stats":"{\"minValues\":{\"modify_date\":\"2024-12-09T22:46:18.467Z\",\"edw_object_name\":\"aw_int.mailboxusagedetail\",\"edw_table_name\":\"account\",\"schema_name\":\"aw_int\",\"create_date\":\"2024-12-09T22:46:18.467Z\"},\"maxValues\":{\"modify_date\":\"2025-02-24T16:51:55.130Z\",\"edw_object_name\":\"dwa.transactions\",\"edw_table_name\":\"transactions\",\"schema_name\":\"dwa\",\"create_date\":\"2025-02-24T16:51:55.130Z\"},\"nullCount\":{\"modify_date\":0,\"edw_object_name\":0,\"edw_table_name\":0,\"schema_name\":0,\"create_date\":0},\"numRecords\":18}","tags":{"VORDER":"true"}}}
{"remove":{"path":"part-00000-5ddf2112-3edb-44e6-bc7f-15afeabe95dc-c000.snappy.parquet","deletionTimestamp":1740477381951,"dataChange":true,"extendedFileMetadata":true,"partitionValues":{},"size":3700,"tags":{"VORDER":"true"}}}
