{"commitInfo":{"timestamp":1740401975969,"operation":"CREATE OR REPLACE TABLE AS SELECT","operationParameters":{"partitionBy":"[]","clusterBy":"[]","description":null,"isManaged":"true","properties":"{\"delta.parquet.vorder.enabled\":\"true\"}"},"readVersion":6,"isolationLevel":"Serializable","isBlindAppend":false,"operationMetrics":{"numFiles":"1","numOutputRows":"18","numOutputBytes":"3700"},"tags":{"VORDER":"true"},"engineInfo":"Apache-Spark/3.5.1.5.4.20241007.4 Delta-Lake/3.2.0.5","txnId":"a654983c-28b0-416e-b62e-ea305f0f8ad8"}}
{"add":{"path":"part-00000-5ddf2112-3edb-44e6-bc7f-15afeabe95dc-c000.snappy.parquet","partitionValues":{},"size":3700,"modificationTime":1740401975550,"dataChange":true,"stats":"{\"minValues\":{\"modify_date\":\"2024-12-09T22:46:18.467Z\",\"edw_object_name\":\"aw_int.mailboxusagedetail\",\"edw_table_name\":\"account\",\"schema_name\":\"aw_int\",\"create_date\":\"2024-12-09T22:46:18.467Z\"},\"maxValues\":{\"modify_date\":\"2025-02-24T11:14:25.410Z\",\"edw_object_name\":\"dwa.transactions\",\"edw_table_name\":\"transactions\",\"schema_name\":\"dwa\",\"create_date\":\"2025-02-24T11:14:25.410Z\"},\"nullCount\":{\"modify_date\":0,\"edw_object_name\":0,\"edw_table_name\":0,\"schema_name\":0,\"create_date\":0},\"numRecords\":18}","tags":{"VORDER":"true"}}}
{"remove":{"path":"part-00000-ade176ca-b8c8-4ef9-9af8-513d1fbac4a1-c000.snappy.parquet","deletionTimestamp":1740401975966,"dataChange":true,"extendedFileMetadata":true,"partitionValues":{},"size":3697,"tags":{"VORDER":"true"}}}
