{"commitInfo":{"timestamp":1740054386268,"operation":"CREATE OR REPLACE TABLE AS SELECT","operationParameters":{"partitionBy":"[]","clusterBy":"[]","description":null,"isManaged":"true","properties":"{\"delta.parquet.vorder.enabled\":\"true\"}"},"readVersion":4,"isolationLevel":"Serializable","isBlindAppend":false,"operationMetrics":{"numFiles":"1","numOutputRows":"55","numOutputBytes":"3816"},"tags":{"VORDER":"true"},"engineInfo":"Apache-Spark/3.5.1.5.4.20241007.4 Delta-Lake/3.2.0.5","txnId":"9c8d7c40-17dc-44b0-812a-54aceddd239f"}}
{"add":{"path":"part-00000-07ac06d5-2811-41ee-b3d1-0e3d1a1848c1-c000.snappy.parquet","partitionValues":{},"size":3816,"modificationTime":1740054385975,"dataChange":true,"stats":"{\"numRecords\":55,\"minValues\":{\"table_name\":\"Account\",\"description\":\"\",\"dataset\":\"Finance-GL\",\"column\":\"Account\",\"data_category\":\"\",\"type\":\"Table\"},\"maxValues\":{\"table_name\":\"Scenario\",\"description\":\"\",\"dataset\":\"Finance-GL\",\"column\":\"Value Type\",\"data_category\":\"\",\"type\":\"Table\"},\"nullCount\":{\"table_name\":0,\"description\":0,\"hidden\":0,\"dataset\":0,\"column\":0,\"data_category\":0,\"type\":0}}","tags":{"VORDER":"true"}}}
{"remove":{"path":"part-00000-211d2c89-8b17-4794-8969-ebd1ece3d6bf-c000.snappy.parquet","deletionTimestamp":1740054386268,"dataChange":true,"extendedFileMetadata":true,"partitionValues":{},"size":3816,"tags":{"VORDER":"true"}}}
