{"commitInfo":{"timestamp":1733853240987,"operation":"CREATE OR REPLACE TABLE AS SELECT","operationParameters":{"partitionBy":"[]","clusterBy":"[]","description":null,"isManaged":"true","properties":"{\"delta.parquet.vorder.enabled\":\"true\"}"},"readVersion":1,"isolationLevel":"Serializable","isBlindAppend":false,"operationMetrics":{"numFiles":"1","numOutputRows":"55","numOutputBytes":"3816"},"tags":{"VORDER":"true"},"engineInfo":"Apache-Spark/3.5.1.5.4.20241007.4 Delta-Lake/3.2.0.5","txnId":"f8c2a360-524a-4b1d-ab73-a1a871f5310f"}}
{"add":{"path":"part-00000-d2ffcd43-3785-4eab-ab3d-535ff848077c-c000.snappy.parquet","partitionValues":{},"size":3816,"modificationTime":1733853240691,"dataChange":true,"stats":"{\"numRecords\":55,\"minValues\":{\"table_name\":\"Account\",\"description\":\"\",\"dataset\":\"Finance-GL\",\"column\":\"Account\",\"data_category\":\"\",\"type\":\"Table\"},\"maxValues\":{\"table_name\":\"Scenario\",\"description\":\"\",\"dataset\":\"Finance-GL\",\"column\":\"Value Type\",\"data_category\":\"\",\"type\":\"Table\"},\"nullCount\":{\"table_name\":0,\"description\":0,\"hidden\":0,\"dataset\":0,\"column\":0,\"data_category\":0,\"type\":0}}","tags":{"VORDER":"true"}}}
{"remove":{"path":"part-00000-f1ad258e-1eb8-4506-b10f-40599ac59aa1-c000.snappy.parquet","deletionTimestamp":1733853240986,"dataChange":true,"extendedFileMetadata":true,"partitionValues":{},"size":3816,"tags":{"VORDER":"true"}}}
