{"commitInfo":{"timestamp":1740401994643,"operation":"CREATE OR REPLACE TABLE AS SELECT","operationParameters":{"partitionBy":"[]","clusterBy":"[]","description":null,"isManaged":"true","properties":"{\"delta.parquet.vorder.enabled\":\"true\"}"},"readVersion":6,"isolationLevel":"Serializable","isBlindAppend":false,"operationMetrics":{"numFiles":"1","numOutputRows":"55","numOutputBytes":"3816"},"tags":{"VORDER":"true"},"engineInfo":"Apache-Spark/3.5.1.5.4.20241007.4 Delta-Lake/3.2.0.5","txnId":"92853f19-4ff6-4a90-8dfd-fec33aebea2e"}}
{"add":{"path":"part-00000-47facd1d-613a-48a6-a7c9-ab7b92a787ef-c000.snappy.parquet","partitionValues":{},"size":3816,"modificationTime":1740401994249,"dataChange":true,"stats":"{\"numRecords\":55,\"minValues\":{\"table_name\":\"Account\",\"description\":\"\",\"dataset\":\"Finance-GL\",\"column\":\"Account\",\"data_category\":\"\",\"type\":\"Table\"},\"maxValues\":{\"table_name\":\"Scenario\",\"description\":\"\",\"dataset\":\"Finance-GL\",\"column\":\"Value Type\",\"data_category\":\"\",\"type\":\"Table\"},\"nullCount\":{\"table_name\":0,\"description\":0,\"hidden\":0,\"dataset\":0,\"column\":0,\"data_category\":0,\"type\":0}}","tags":{"VORDER":"true"}}}
{"remove":{"path":"part-00000-02e10e13-e15f-4edd-a1f6-9601da4ac4cd-c000.snappy.parquet","deletionTimestamp":1740401994642,"dataChange":true,"extendedFileMetadata":true,"partitionValues":{},"size":3816,"tags":{"VORDER":"true"}}}
