{"commitInfo":{"timestamp":1740053833887,"operation":"CREATE OR REPLACE TABLE AS SELECT","operationParameters":{"partitionBy":"[]","clusterBy":"[]","description":null,"isManaged":"true","properties":"{\"delta.parquet.vorder.enabled\":\"true\"}"},"readVersion":3,"isolationLevel":"Serializable","isBlindAppend":false,"operationMetrics":{"numFiles":"1","numOutputRows":"55","numOutputBytes":"3816"},"tags":{"VORDER":"true"},"engineInfo":"Apache-Spark/3.5.1.5.4.20241007.4 Delta-Lake/3.2.0.5","txnId":"e9fe440f-280f-48fe-a48f-aa935692b4b4"}}
{"add":{"path":"part-00000-211d2c89-8b17-4794-8969-ebd1ece3d6bf-c000.snappy.parquet","partitionValues":{},"size":3816,"modificationTime":1740053833546,"dataChange":true,"stats":"{\"numRecords\":55,\"minValues\":{\"table_name\":\"Account\",\"description\":\"\",\"dataset\":\"Finance-GL\",\"column\":\"Account\",\"data_category\":\"\",\"type\":\"Table\"},\"maxValues\":{\"table_name\":\"Scenario\",\"description\":\"\",\"dataset\":\"Finance-GL\",\"column\":\"Value Type\",\"data_category\":\"\",\"type\":\"Table\"},\"nullCount\":{\"table_name\":0,\"description\":0,\"hidden\":0,\"dataset\":0,\"column\":0,\"data_category\":0,\"type\":0}}","tags":{"VORDER":"true"}}}
{"remove":{"path":"part-00000-3d66195c-77ad-4dd0-b1b0-364b59c29aac-c000.snappy.parquet","deletionTimestamp":1740053833886,"dataChange":true,"extendedFileMetadata":true,"partitionValues":{},"size":3816,"tags":{"VORDER":"true"}}}
