{"commitInfo":{"timestamp":1733838737049,"operation":"CREATE OR REPLACE TABLE AS SELECT","operationParameters":{"partitionBy":"[]","clusterBy":"[]","description":null,"isManaged":"true","properties":"{\"delta.parquet.vorder.enabled\":\"true\"}"},"isolationLevel":"Serializable","isBlindAppend":false,"operationMetrics":{"numFiles":"1","numOutputRows":"55","numOutputBytes":"3816"},"tags":{"VORDER":"true"},"engineInfo":"Apache-Spark/3.5.1.5.4.20241007.4 Delta-Lake/3.2.0.5","txnId":"34144ef7-ce7d-453a-8d82-c88946c10926"}}
{"metaData":{"id":"ca23086c-d1a3-4138-8fc6-487ed22459eb","format":{"provider":"parquet","options":{}},"schemaString":"{\"type\":\"struct\",\"fields\":[{\"name\":\"dataset\",\"type\":\"string\",\"nullable\":true,\"metadata\":{}},{\"name\":\"table_name\",\"type\":\"string\",\"nullable\":true,\"metadata\":{}},{\"name\":\"description\",\"type\":\"string\",\"nullable\":true,\"metadata\":{}},{\"name\":\"hidden\",\"type\":\"boolean\",\"nullable\":true,\"metadata\":{}},{\"name\":\"data_category\",\"type\":\"string\",\"nullable\":true,\"metadata\":{}},{\"name\":\"type\",\"type\":\"string\",\"nullable\":true,\"metadata\":{}},{\"name\":\"column\",\"type\":\"string\",\"nullable\":true,\"metadata\":{}}]}","partitionColumns":[],"configuration":{"delta.parquet.vorder.enabled":"true"},"createdTime":1733838736483}}
{"protocol":{"minReaderVersion":1,"minWriterVersion":2}}
{"add":{"path":"part-00000-c3be86c0-3851-41d5-a161-fdfadde3c7a5-c000.snappy.parquet","partitionValues":{},"size":3816,"modificationTime":1733838736800,"dataChange":true,"stats":"{\"numRecords\":55,\"minValues\":{\"table_name\":\"Account\",\"description\":\"\",\"dataset\":\"Finance-GL\",\"column\":\"Account\",\"data_category\":\"\",\"type\":\"Table\"},\"maxValues\":{\"table_name\":\"Scenario\",\"description\":\"\",\"dataset\":\"Finance-GL\",\"column\":\"Value Type\",\"data_category\":\"\",\"type\":\"Table\"},\"nullCount\":{\"table_name\":0,\"description\":0,\"hidden\":0,\"dataset\":0,\"column\":0,\"data_category\":0,\"type\":0}}","tags":{"VORDER":"true"}}}
