{"commitInfo":{"timestamp":1741170855677,"operation":"CREATE OR REPLACE TABLE AS SELECT","operationParameters":{"partitionBy":"[]","clusterBy":"[]","description":null,"isManaged":"true","properties":"{\"delta.parquet.vorder.enabled\":\"true\"}"},"isolationLevel":"Serializable","isBlindAppend":false,"operationMetrics":{"numFiles":"1","numOutputRows":"40059","numOutputBytes":"179721"},"tags":{"VORDER":"true"},"engineInfo":"Apache-Spark/3.5.1.5.4.20250205.3 Delta-Lake/3.2.0.13","txnId":"7d126322-a2d9-4f03-ac6c-aab2876bb330"}}
{"metaData":{"id":"7c3de41d-975c-4240-9d4f-b8632afbfaea","format":{"provider":"parquet","options":{}},"schemaString":"{\"type\":\"struct\",\"fields\":[{\"name\":\"AccountDate\",\"type\":\"string\",\"nullable\":true,\"metadata\":{}},{\"name\":\"OrganizationName\",\"type\":\"string\",\"nullable\":true,\"metadata\":{}},{\"name\":\"DepartmentGroupName\",\"type\":\"string\",\"nullable\":true,\"metadata\":{}},{\"name\":\"ScenarioName\",\"type\":\"string\",\"nullable\":true,\"metadata\":{}},{\"name\":\"AccountCode\",\"type\":\"string\",\"nullable\":true,\"metadata\":{}},{\"name\":\"Amount\",\"type\":\"string\",\"nullable\":true,\"metadata\":{}},{\"name\":\"Date\",\"type\":\"string\",\"nullable\":true,\"metadata\":{}},{\"name\":\"FileName\",\"type\":\"string\",\"nullable\":true,\"metadata\":{}},{\"name\":\"LineageKey\",\"type\":\"string\",\"nullable\":true,\"metadata\":{}}]}","partitionColumns":[],"configuration":{"delta.parquet.vorder.enabled":"true"},"createdTime":1741170854876}}
{"protocol":{"minReaderVersion":1,"minWriterVersion":2}}
{"add":{"path":"part-00000-7f4b8e7e-6965-4cdc-acb4-bb4b8c26f2ff-c000.snappy.parquet","partitionValues":{},"size":179721,"modificationTime":1741170855490,"dataChange":true,"stats":"{\"numRecords\":40059,\"minValues\":{\"OrganizationName\":\"Australia\",\"AccountDate\":\"2010-12-29\",\"DepartmentGroupName\":\"Corporate\",\"AccountCode\":\"1110\",\"Amount\":\"-1008.894\",\"FileName\":\"Transactions.csv\",\"Date\":\"00:00.0\",\"ScenarioName\":\"Actual\",\"LineageKey\":\"54bdc697-92e0-47b8-b806-704ae01e\"},\"maxValues\":{\"OrganizationName\":\"Southwest Division\",\"AccountDate\":\"2013-12-28\",\"DepartmentGroupName\":\"Corporate\",\"AccountCode\":\"9540\",\"Amount\":\"99999\",\"FileName\":\"Transactions.csv\",\"Date\":\"00:00.0\",\"ScenarioName\":\"Budget\",\"LineageKey\":\"54bdc697-92e0-47b8-b806-704ae01e\"},\"nullCount\":{\"OrganizationName\":0,\"AccountDate\":0,\"DepartmentGroupName\":0,\"AccountCode\":0,\"Amount\":0,\"FileName\":0,\"Date\":0,\"ScenarioName\":0,\"LineageKey\":0}}","tags":{"VORDER":"true"}}}
