{"commitInfo":{"timestamp":1740401971457,"operation":"CREATE OR REPLACE TABLE AS SELECT","operationParameters":{"partitionBy":"[]","clusterBy":"[]","description":null,"isManaged":"true","properties":"{\"delta.parquet.vorder.enabled\":\"true\"}"},"readVersion":6,"isolationLevel":"Serializable","isBlindAppend":false,"operationMetrics":{"numFiles":"1","numOutputRows":"9","numOutputBytes":"3257"},"tags":{"VORDER":"true"},"engineInfo":"Apache-Spark/3.5.1.5.4.20241007.4 Delta-Lake/3.2.0.5","txnId":"5308ad79-7756-46ce-a924-0752251869ee"}}
{"add":{"path":"part-00000-152842c9-fe2d-4bc7-af80-a76a6557e60f-c000.snappy.parquet","partitionValues":{},"size":3257,"modificationTime":1740401970829,"dataChange":true,"stats":"{\"minValues\":{\"modify_date\":\"2025-02-21T15:39:39.723Z\",\"edw_object_name\":\"aw.dimaccount\",\"edw_table_name\":\"DimAccount\",\"schema_name\":\"aw\",\"create_date\":\"2025-02-21T15:39:39.723Z\"},\"maxValues\":{\"modify_date\":\"2025-02-21T16:03:52.983Z\",\"edw_object_name\":\"stg.dimaccount_staging\",\"edw_table_name\":\"ReportAccountMap\",\"schema_name\":\"stg\",\"create_date\":\"2025-02-21T16:03:52.983Z\"},\"nullCount\":{\"modify_date\":0,\"edw_object_name\":0,\"edw_table_name\":0,\"schema_name\":0,\"create_date\":0},\"numRecords\":9}","tags":{"VORDER":"true"}}}
{"remove":{"path":"part-00000-3049ca52-7931-4658-ba11-4e6ae0af1793-c000.snappy.parquet","deletionTimestamp":1740401971450,"dataChange":true,"extendedFileMetadata":true,"partitionValues":{},"size":3257,"tags":{"VORDER":"true"}}}
