{"commitInfo":{"timestamp":1740477376628,"operation":"CREATE OR REPLACE TABLE AS SELECT","operationParameters":{"partitionBy":"[]","clusterBy":"[]","description":null,"isManaged":"true","properties":"{\"delta.parquet.vorder.enabled\":\"true\"}"},"readVersion":7,"isolationLevel":"Serializable","isBlindAppend":false,"operationMetrics":{"numFiles":"1","numOutputRows":"9","numOutputBytes":"3249"},"tags":{"VORDER":"true"},"engineInfo":"Apache-Spark/3.5.1.5.4.20250205.3 Delta-Lake/3.2.0.13","txnId":"e741a61b-b9d4-4e16-b275-1a0ade27ce8f"}}
{"add":{"path":"part-00000-e4f9edc9-95b3-4a04-a513-4a7f4a881480-c000.snappy.parquet","partitionValues":{},"size":3249,"modificationTime":1740477375613,"dataChange":true,"stats":"{\"minValues\":{\"modify_date\":\"2025-02-21T15:39:39.723Z\",\"edw_object_name\":\"aw.dimaccount\",\"edw_table_name\":\"DimAccount\",\"schema_name\":\"aw\",\"create_date\":\"2025-02-21T15:39:39.723Z\"},\"maxValues\":{\"modify_date\":\"2025-02-24T16:53:52.353Z\",\"edw_object_name\":\"stg.dimaccount_staging\",\"edw_table_name\":\"ReportAccountMap\",\"schema_name\":\"stg\",\"create_date\":\"2025-02-24T16:53:52.353Z\"},\"nullCount\":{\"modify_date\":0,\"edw_object_name\":0,\"edw_table_name\":0,\"schema_name\":0,\"create_date\":0},\"numRecords\":9}","tags":{"VORDER":"true"}}}
{"remove":{"path":"part-00000-152842c9-fe2d-4bc7-af80-a76a6557e60f-c000.snappy.parquet","deletionTimestamp":1740477376611,"dataChange":true,"extendedFileMetadata":true,"partitionValues":{},"size":3257,"tags":{"VORDER":"true"}}}
