{"commitInfo":{"timestamp":1733838720643,"operation":"CREATE OR REPLACE TABLE AS SELECT","operationParameters":{"partitionBy":"[]","clusterBy":"[]","description":null,"isManaged":"true","properties":"{\"delta.parquet.vorder.enabled\":\"true\"}"},"isolationLevel":"Serializable","isBlindAppend":false,"operationMetrics":{"numFiles":"1","numOutputRows":"1","numOutputBytes":"2766"},"tags":{"VORDER":"true"},"engineInfo":"Apache-Spark/3.5.1.5.4.20241007.4 Delta-Lake/3.2.0.5","txnId":"f496a99f-f360-471a-9637-f463319a4828"}}
{"metaData":{"id":"590e7903-c62f-4203-8649-75e0900040c1","format":{"provider":"parquet","options":{}},"schemaString":"{\"type\":\"struct\",\"fields\":[{\"name\":\"edw_object_name\",\"type\":\"string\",\"nullable\":true,\"metadata\":{}},{\"name\":\"edw_table_name\",\"type\":\"string\",\"nullable\":true,\"metadata\":{}},{\"name\":\"schema_name\",\"type\":\"string\",\"nullable\":true,\"metadata\":{}},{\"name\":\"create_date\",\"type\":\"timestamp\",\"nullable\":true,\"metadata\":{}},{\"name\":\"modify_date\",\"type\":\"timestamp\",\"nullable\":true,\"metadata\":{}}]}","partitionColumns":[],"configuration":{"delta.parquet.vorder.enabled":"true"},"createdTime":1733838719524}}
{"protocol":{"minReaderVersion":1,"minWriterVersion":2}}
{"add":{"path":"part-00000-a2d147d1-2089-46b1-b7b2-8e6063a4537c-c000.snappy.parquet","partitionValues":{},"size":2766,"modificationTime":1733838720232,"dataChange":true,"stats":"{\"minValues\":{\"modify_date\":\"2024-12-08T15:22:47.093Z\",\"edw_object_name\":\"aw.dimdate\",\"edw_table_name\":\"DimDate\",\"schema_name\":\"aw\",\"create_date\":\"2024-12-08T15:22:47.093Z\"},\"maxValues\":{\"modify_date\":\"2024-12-08T15:22:47.093Z\",\"edw_object_name\":\"aw.dimdate\",\"edw_table_name\":\"DimDate\",\"schema_name\":\"aw\",\"create_date\":\"2024-12-08T15:22:47.093Z\"},\"nullCount\":{\"modify_date\":0,\"edw_object_name\":0,\"edw_table_name\":0,\"schema_name\":0,\"create_date\":0},\"numRecords\":1}","tags":{"VORDER":"true"}}}
