{"commitInfo":{"timestamp":1740053810861,"operation":"CREATE OR REPLACE TABLE AS SELECT","operationParameters":{"partitionBy":"[]","clusterBy":"[]","description":null,"isManaged":"true","properties":"{\"delta.parquet.vorder.enabled\":\"true\"}"},"readVersion":3,"isolationLevel":"Serializable","isBlindAppend":false,"operationMetrics":{"numFiles":"1","numOutputRows":"1","numOutputBytes":"2766"},"tags":{"VORDER":"true"},"engineInfo":"Apache-Spark/3.5.1.5.4.20241007.4 Delta-Lake/3.2.0.5","txnId":"5d739f72-ed13-4869-9688-ea0388ad2c7a"}}
{"add":{"path":"part-00000-3d900a8d-fc2d-4db0-a579-e1abda372645-c000.snappy.parquet","partitionValues":{},"size":2766,"modificationTime":1740053810210,"dataChange":true,"stats":"{\"minValues\":{\"modify_date\":\"2024-12-08T15:22:47.093Z\",\"edw_object_name\":\"aw.dimdate\",\"edw_table_name\":\"DimDate\",\"schema_name\":\"aw\",\"create_date\":\"2024-12-08T15:22:47.093Z\"},\"maxValues\":{\"modify_date\":\"2024-12-08T15:22:47.093Z\",\"edw_object_name\":\"aw.dimdate\",\"edw_table_name\":\"DimDate\",\"schema_name\":\"aw\",\"create_date\":\"2024-12-08T15:22:47.093Z\"},\"nullCount\":{\"modify_date\":0,\"edw_object_name\":0,\"edw_table_name\":0,\"schema_name\":0,\"create_date\":0},\"numRecords\":1}","tags":{"VORDER":"true"}}}
{"remove":{"path":"part-00000-b85116d6-f161-4d8c-a605-01324e60c6e6-c000.snappy.parquet","deletionTimestamp":1740053810854,"dataChange":true,"extendedFileMetadata":true,"partitionValues":{},"size":2766,"tags":{"VORDER":"true"}}}
