{"commitInfo":{"timestamp":1733843306098,"operation":"CREATE OR REPLACE TABLE AS SELECT","operationParameters":{"partitionBy":"[]","clusterBy":"[]","description":null,"isManaged":"true","properties":"{\"delta.parquet.vorder.enabled\":\"true\"}"},"readVersion":0,"isolationLevel":"Serializable","isBlindAppend":false,"operationMetrics":{"numFiles":"1","numOutputRows":"1","numOutputBytes":"2766"},"tags":{"VORDER":"true"},"engineInfo":"Apache-Spark/3.5.1.5.4.20241007.4 Delta-Lake/3.2.0.5","txnId":"dd5d1105-d4c3-4b2a-8b0d-cdca9388bf27"}}
{"add":{"path":"part-00000-b2c132a6-726f-404e-8162-bff1df2e094f-c000.snappy.parquet","partitionValues":{},"size":2766,"modificationTime":1733843305151,"dataChange":true,"stats":"{\"minValues\":{\"modify_date\":\"2024-12-08T15:22:47.093Z\",\"edw_object_name\":\"aw.dimdate\",\"edw_table_name\":\"DimDate\",\"schema_name\":\"aw\",\"create_date\":\"2024-12-08T15:22:47.093Z\"},\"maxValues\":{\"modify_date\":\"2024-12-08T15:22:47.093Z\",\"edw_object_name\":\"aw.dimdate\",\"edw_table_name\":\"DimDate\",\"schema_name\":\"aw\",\"create_date\":\"2024-12-08T15:22:47.093Z\"},\"nullCount\":{\"modify_date\":0,\"edw_object_name\":0,\"edw_table_name\":0,\"schema_name\":0,\"create_date\":0},\"numRecords\":1}","tags":{"VORDER":"true"}}}
{"remove":{"path":"part-00000-a2d147d1-2089-46b1-b7b2-8e6063a4537c-c000.snappy.parquet","deletionTimestamp":1733843306091,"dataChange":true,"extendedFileMetadata":true,"partitionValues":{},"size":2766,"tags":{"VORDER":"true"}}}
