{"commitInfo":{"timestamp":1739958184983,"operation":"CREATE OR REPLACE TABLE AS SELECT","operationParameters":{"partitionBy":"[]","clusterBy":"[]","description":null,"isManaged":"true","properties":"{\"delta.parquet.vorder.enabled\":\"true\"}"},"readVersion":2,"isolationLevel":"Serializable","isBlindAppend":false,"operationMetrics":{"numFiles":"1","numOutputRows":"1","numOutputBytes":"2766"},"tags":{"VORDER":"true"},"engineInfo":"Apache-Spark/3.5.1.5.4.20241007.4 Delta-Lake/3.2.0.5","txnId":"5f494495-75d5-421b-85ee-43d2142b4df6"}}
{"add":{"path":"part-00000-b85116d6-f161-4d8c-a605-01324e60c6e6-c000.snappy.parquet","partitionValues":{},"size":2766,"modificationTime":1739958184216,"dataChange":true,"stats":"{\"minValues\":{\"modify_date\":\"2024-12-08T15:22:47.093Z\",\"edw_object_name\":\"aw.dimdate\",\"edw_table_name\":\"DimDate\",\"schema_name\":\"aw\",\"create_date\":\"2024-12-08T15:22:47.093Z\"},\"maxValues\":{\"modify_date\":\"2024-12-08T15:22:47.093Z\",\"edw_object_name\":\"aw.dimdate\",\"edw_table_name\":\"DimDate\",\"schema_name\":\"aw\",\"create_date\":\"2024-12-08T15:22:47.093Z\"},\"nullCount\":{\"modify_date\":0,\"edw_object_name\":0,\"edw_table_name\":0,\"schema_name\":0,\"create_date\":0},\"numRecords\":1}","tags":{"VORDER":"true"}}}
{"remove":{"path":"part-00000-ca76ac5e-d3f1-4120-9dca-5cd1b4e6948b-c000.snappy.parquet","deletionTimestamp":1739958184974,"dataChange":true,"extendedFileMetadata":true,"partitionValues":{},"size":2766,"tags":{"VORDER":"true"}}}
