{"commitInfo":{"timestamp":1752074318360,"operation":"CREATE OR REPLACE TABLE AS SELECT","operationParameters":{"partitionBy":"[]","clusterBy":"[]","description":null,"isManaged":"true","properties":"{\"delta.stats.extended.collect\":\"true\",\"delta.stats.extended.inject\":\"true\",\"delta.parquet.vorder.enabled\":\"true\"}"},"isolationLevel":"Serializable","isBlindAppend":false,"operationMetrics":{"numFiles":"1","numOutputRows":"103","numOutputBytes":"12743"},"tags":{"VORDER":"true"},"engineInfo":"Apache-Spark/3.5.1.5.4.20250519.1 Delta-Lake/3.2.0.21","txnId":"4701f658-1ff3-4cd5-bb3a-da81dbbf0a94"}}
{"metaData":{"id":"65f70f78-4ac5-4b42-8c80-a87da25feb70","format":{"provider":"parquet","options":{}},"schemaString":"{\"type\":\"struct\",\"fields\":[{\"name\":\"RowNumber\",\"type\":\"long\",\"nullable\":true,\"metadata\":{}},{\"name\":\"ReportNo\",\"type\":\"long\",\"nullable\":true,\"metadata\":{}},{\"name\":\"ReportHeading\",\"type\":\"string\",\"nullable\":true,\"metadata\":{}},{\"name\":\"ReportHeadingNo\",\"type\":\"long\",\"nullable\":true,\"metadata\":{}},{\"name\":\"ReportSection\",\"type\":\"string\",\"nullable\":true,\"metadata\":{}},{\"name\":\"LineNo\",\"type\":\"long\",\"nullable\":true,\"metadata\":{}},{\"name\":\"LinkLineNo\",\"type\":\"double\",\"nullable\":true,\"metadata\":{}},{\"name\":\"LinkSignage\",\"type\":\"long\",\"nullable\":true,\"metadata\":{}},{\"name\":\"LinkHeading\",\"type\":\"string\",\"nullable\":true,\"metadata\":{}},{\"name\":\"LinkReport\",\"type\":\"string\",\"nullable\":true,\"metadata\":{}},{\"name\":\"Operator\",\"type\":\"string\",\"nullable\":true,\"metadata\":{}},{\"name\":\"Report\",\"type\":\"string\",\"nullable\":true,\"metadata\":{}},{\"name\":\"Calc1\",\"type\":\"string\",\"nullable\":true,\"metadata\":{}},{\"name\":\"LineageKey\",\"type\":\"string\",\"nullable\":true,\"metadata\":{}},{\"name\":\"FileName\",\"type\":\"string\",\"nullable\":true,\"metadata\":{}}]}","partitionColumns":[],"configuration":{"delta.stats.extended.collect":"true","delta.stats.extended.inject":"true","delta.parquet.vorder.enabled":"true"},"createdTime":1752074317591}}
{"protocol":{"minReaderVersion":1,"minWriterVersion":2}}
{"add":{"path":"part-00000-99ebff49-92a5-4113-9a83-06d4bbf9ad87-c000.snappy.parquet","partitionValues":{},"size":12743,"modificationTime":1752074317977,"dataChange":true,"stats":"{\"numRecords\":103,\"minValues\":{\"Calc1\":\"Cost of Sales\",\"FileName\":\"AccountRange.xlsx\",\"LineNo\":1,\"LineageKey\":\"a6284569-14df-47ad-b3ea-9f2b0dca\",\"LinkHeading\":\"Long Term Liabilities\",\"LinkLineNo\":8.0,\"LinkReport\":\"BS\",\"LinkSignage\":-1,\"Operator\":\"Calc1\",\"Report\":\"BS\",\"ReportHeading\":\"Ammortisation\",\"ReportHeadingNo\":1,\"ReportNo\":1,\"ReportSection\":\"Accounts Payable\",\"RowNumber\":0},\"maxValues\":{\"Calc1\":\"Total Liability and Equity\",\"FileName\":\"AccountRange.xlsx\",\"LineNo\":31,\"LineageKey\":\"a6284569-14df-47ad-b3ea-9f2b0dca\",\"LinkHeading\":\"Non Current Assets\",\"LinkLineNo\":21.0,\"LinkReport\":\"P&L\",\"LinkSignage\":1,\"Operator\":\"Sum\",\"Report\":\"P&L\",\"ReportHeading\":\"Variances\",\"ReportHeadingNo\":38,\"ReportNo\":111,\"ReportSection\":\"Variances\",\"RowNumber\":102},\"nullCount\":{\"Calc1\":74,\"FileName\":0,\"LineNo\":0,\"LineageKey\":0,\"LinkHeading\":101,\"LinkLineNo\":93,\"LinkReport\":91,\"LinkSignage\":0,\"Operator\":0,\"Report\":0,\"ReportHeading\":0,\"ReportHeadingNo\":0,\"ReportNo\":0,\"ReportSection\":0,\"RowNumber\":0}}","tags":{"VORDER":"true"}}}
