{"commitInfo":{"timestamp":1740477390088,"operation":"CREATE OR REPLACE TABLE AS SELECT","operationParameters":{"partitionBy":"[]","clusterBy":"[]","description":null,"isManaged":"true","properties":"{\"delta.parquet.vorder.enabled\":\"true\"}"},"readVersion":7,"isolationLevel":"Serializable","isBlindAppend":false,"operationMetrics":{"numFiles":"1","numOutputRows":"32","numOutputBytes":"4882"},"tags":{"VORDER":"true"},"engineInfo":"Apache-Spark/3.5.1.5.4.20250205.3 Delta-Lake/3.2.0.13","txnId":"b2e20750-0686-4d9d-aa43-809db38947a2"}}
{"add":{"path":"part-00000-030b2d52-57a5-43d8-8624-da05eeed08d8-c000.snappy.parquet","partitionValues":{},"size":4882,"modificationTime":1740477389582,"dataChange":true,"stats":"{\"numRecords\":32,\"minValues\":{\"description\":\"\",\"display_name\":\"Backup_ConfigSchema\",\"id\":\"081dbb12-8db7-42a1-885e-1846da51\",\"type\":\"DataPipeline\",\"workspace_id\":\"5941a6c0-8c98-4d79-b065-a3789e9e\"},\"maxValues\":{\"description\":\"New notebook\",\"display_name\":\"TR_Ops\",\"id\":\"fe70c606-af27-4f64-973a-2be87752\",\"type\":\"Warehouse\",\"workspace_id\":\"5941a6c0-8c98-4d79-b065-a3789e9e\"},\"nullCount\":{\"description\":0,\"display_name\":0,\"id\":0,\"type\":0,\"workspace_id\":0}}","tags":{"VORDER":"true"}}}
{"remove":{"path":"part-00000-b424d6da-e154-4f3d-a86b-1c5a23bba82b-c000.snappy.parquet","deletionTimestamp":1740477390087,"dataChange":true,"extendedFileMetadata":true,"partitionValues":{},"size":4826,"tags":{"VORDER":"true"}}}
