{"commitInfo":{"timestamp":1733843315519,"operation":"CREATE OR REPLACE TABLE AS SELECT","operationParameters":{"partitionBy":"[]","clusterBy":"[]","description":null,"isManaged":"true","properties":"{\"delta.parquet.vorder.enabled\":\"true\"}"},"readVersion":0,"isolationLevel":"Serializable","isBlindAppend":false,"operationMetrics":{"numFiles":"1","numOutputRows":"18","numOutputBytes":"4106"},"tags":{"VORDER":"true"},"engineInfo":"Apache-Spark/3.5.1.5.4.20241007.4 Delta-Lake/3.2.0.5","txnId":"b2b4c27b-857c-4188-b26f-c721719a69a2"}}
{"add":{"path":"part-00000-07262386-4396-4ff1-8e31-142085c4fbf8-c000.snappy.parquet","partitionValues":{},"size":4106,"modificationTime":1733843314942,"dataChange":true,"stats":"{\"numRecords\":18,\"minValues\":{\"description\":\"\",\"display_name\":\"Create-DW\",\"id\":\"1e0d01cb-a9cc-4398-b799-61f5ec39\",\"type\":\"Lakehouse\",\"workspace_id\":\"5941a6c0-8c98-4d79-b065-a3789e9e\"},\"maxValues\":{\"description\":\"New notebook\",\"display_name\":\"SharePoint-Shared-Functions\",\"id\":\"fe4cafa4-bccf-4ecb-bba6-fe369fc3\",\"type\":\"Warehouse\",\"workspace_id\":\"5941a6c0-8c98-4d79-b065-a3789e9e\"},\"nullCount\":{\"description\":0,\"display_name\":0,\"id\":0,\"type\":0,\"workspace_id\":0}}","tags":{"VORDER":"true"}}}
{"remove":{"path":"part-00000-cd43d2a1-921a-4e4b-9fb7-7510858a2896-c000.snappy.parquet","deletionTimestamp":1733843315504,"dataChange":true,"extendedFileMetadata":true,"partitionValues":{},"size":4106,"tags":{"VORDER":"true"}}}
