{"commitInfo":{"timestamp":1739958194578,"operation":"CREATE OR REPLACE TABLE AS SELECT","operationParameters":{"partitionBy":"[]","clusterBy":"[]","description":null,"isManaged":"true","properties":"{\"delta.parquet.vorder.enabled\":\"true\"}"},"readVersion":2,"isolationLevel":"Serializable","isBlindAppend":false,"operationMetrics":{"numFiles":"1","numOutputRows":"30","numOutputBytes":"4770"},"tags":{"VORDER":"true"},"engineInfo":"Apache-Spark/3.5.1.5.4.20241007.4 Delta-Lake/3.2.0.5","txnId":"ce131a93-5a14-45f3-a928-78db32f55471"}}
{"add":{"path":"part-00000-bff61ef3-682f-4440-b4db-3367e8f09e36-c000.snappy.parquet","partitionValues":{},"size":4770,"modificationTime":1739958194077,"dataChange":true,"stats":"{\"numRecords\":30,\"minValues\":{\"description\":\"\",\"display_name\":\"Backup_ConfigSchema\",\"id\":\"1aefde0f-72a8-4aa2-aca8-f1724f2f\",\"type\":\"DataPipeline\",\"workspace_id\":\"5941a6c0-8c98-4d79-b065-a3789e9e\"},\"maxValues\":{\"description\":\"New notebook\",\"display_name\":\"TR_Ops\",\"id\":\"fe70c606-af27-4f64-973a-2be87752\",\"type\":\"Warehouse\",\"workspace_id\":\"5941a6c0-8c98-4d79-b065-a3789e9e\"},\"nullCount\":{\"description\":0,\"display_name\":0,\"id\":0,\"type\":0,\"workspace_id\":0}}","tags":{"VORDER":"true"}}}
{"remove":{"path":"part-00000-6088878e-f574-46e5-907e-087fdc163978-c000.snappy.parquet","deletionTimestamp":1739958194577,"dataChange":true,"extendedFileMetadata":true,"partitionValues":{},"size":4111,"tags":{"VORDER":"true"}}}
