{"commitInfo":{"timestamp":1740054374767,"operation":"CREATE OR REPLACE TABLE AS SELECT","operationParameters":{"partitionBy":"[]","clusterBy":"[]","description":null,"isManaged":"true","properties":"{\"delta.parquet.vorder.enabled\":\"true\"}"},"readVersion":4,"isolationLevel":"Serializable","isBlindAppend":false,"operationMetrics":{"numFiles":"1","numOutputRows":"30","numOutputBytes":"4746"},"tags":{"VORDER":"true"},"engineInfo":"Apache-Spark/3.5.1.5.4.20241007.4 Delta-Lake/3.2.0.5","txnId":"bdc657c0-2826-4b39-9758-0ac0c0f2949f"}}
{"add":{"path":"part-00000-ca730c55-a156-4b7e-bfd5-257cf57a068c-c000.snappy.parquet","partitionValues":{},"size":4746,"modificationTime":1740054374195,"dataChange":true,"stats":"{\"numRecords\":30,\"minValues\":{\"description\":\"\",\"display_name\":\"Backup_ConfigSchema\",\"id\":\"1aefde0f-72a8-4aa2-aca8-f1724f2f\",\"type\":\"DataPipeline\",\"workspace_id\":\"5941a6c0-8c98-4d79-b065-a3789e9e\"},\"maxValues\":{\"description\":\"New notebook\",\"display_name\":\"TR_Ops\",\"id\":\"fe70c606-af27-4f64-973a-2be87752\",\"type\":\"Warehouse\",\"workspace_id\":\"5941a6c0-8c98-4d79-b065-a3789e9e\"},\"nullCount\":{\"description\":0,\"display_name\":0,\"id\":0,\"type\":0,\"workspace_id\":0}}","tags":{"VORDER":"true"}}}
{"remove":{"path":"part-00000-aefe5a4b-20e8-4ab0-bf4b-20f08e29feba-c000.snappy.parquet","deletionTimestamp":1740054374765,"dataChange":true,"extendedFileMetadata":true,"partitionValues":{},"size":4746,"tags":{"VORDER":"true"}}}
