{"commitInfo":{"timestamp":1733838726418,"operation":"CREATE OR REPLACE TABLE AS SELECT","operationParameters":{"partitionBy":"[]","clusterBy":"[]","description":null,"isManaged":"true","properties":"{\"delta.parquet.vorder.enabled\":\"true\"}"},"isolationLevel":"Serializable","isBlindAppend":false,"operationMetrics":{"numFiles":"1","numOutputRows":"18","numOutputBytes":"4106"},"tags":{"VORDER":"true"},"engineInfo":"Apache-Spark/3.5.1.5.4.20241007.4 Delta-Lake/3.2.0.5","txnId":"754cc0bb-fec3-4b3d-aa96-b90b875ef2dc"}}
{"metaData":{"id":"28ac4cdd-6f5d-45cd-8e85-637d4a5e8c87","format":{"provider":"parquet","options":{}},"schemaString":"{\"type\":\"struct\",\"fields\":[{\"name\":\"id\",\"type\":\"string\",\"nullable\":true,\"metadata\":{}},{\"name\":\"display_name\",\"type\":\"string\",\"nullable\":true,\"metadata\":{}},{\"name\":\"description\",\"type\":\"string\",\"nullable\":true,\"metadata\":{}},{\"name\":\"type\",\"type\":\"string\",\"nullable\":true,\"metadata\":{}},{\"name\":\"workspace_id\",\"type\":\"string\",\"nullable\":true,\"metadata\":{}}]}","partitionColumns":[],"configuration":{"delta.parquet.vorder.enabled":"true"},"createdTime":1733838725786}}
{"protocol":{"minReaderVersion":1,"minWriterVersion":2}}
{"add":{"path":"part-00000-cd43d2a1-921a-4e4b-9fb7-7510858a2896-c000.snappy.parquet","partitionValues":{},"size":4106,"modificationTime":1733838726032,"dataChange":true,"stats":"{\"numRecords\":18,\"minValues\":{\"description\":\"\",\"display_name\":\"Create-DW\",\"id\":\"1e0d01cb-a9cc-4398-b799-61f5ec39\",\"type\":\"Lakehouse\",\"workspace_id\":\"5941a6c0-8c98-4d79-b065-a3789e9e\"},\"maxValues\":{\"description\":\"New notebook\",\"display_name\":\"SharePoint-Shared-Functions\",\"id\":\"fe4cafa4-bccf-4ecb-bba6-fe369fc3\",\"type\":\"Warehouse\",\"workspace_id\":\"5941a6c0-8c98-4d79-b065-a3789e9e\"},\"nullCount\":{\"description\":0,\"display_name\":0,\"id\":0,\"type\":0,\"workspace_id\":0}}","tags":{"VORDER":"true"}}}
