{"commitInfo":{"timestamp":1740401981056,"operation":"CREATE OR REPLACE TABLE AS SELECT","operationParameters":{"partitionBy":"[]","clusterBy":"[]","description":null,"isManaged":"true","properties":"{\"delta.parquet.vorder.enabled\":\"true\"}"},"readVersion":6,"isolationLevel":"Serializable","isBlindAppend":false,"operationMetrics":{"numFiles":"1","numOutputRows":"31","numOutputBytes":"4826"},"tags":{"VORDER":"true"},"engineInfo":"Apache-Spark/3.5.1.5.4.20241007.4 Delta-Lake/3.2.0.5","txnId":"cbbf2ee1-302e-4000-bf36-c33acc569f11"}}
{"add":{"path":"part-00000-b424d6da-e154-4f3d-a86b-1c5a23bba82b-c000.snappy.parquet","partitionValues":{},"size":4826,"modificationTime":1740401980540,"dataChange":true,"stats":"{\"numRecords\":31,\"minValues\":{\"description\":\"\",\"display_name\":\"Backup_ConfigSchema\",\"id\":\"1aefde0f-72a8-4aa2-aca8-f1724f2f\",\"type\":\"DataPipeline\",\"workspace_id\":\"5941a6c0-8c98-4d79-b065-a3789e9e\"},\"maxValues\":{\"description\":\"New notebook\",\"display_name\":\"TR_Ops\",\"id\":\"fe70c606-af27-4f64-973a-2be87752\",\"type\":\"Warehouse\",\"workspace_id\":\"5941a6c0-8c98-4d79-b065-a3789e9e\"},\"nullCount\":{\"description\":0,\"display_name\":0,\"id\":0,\"type\":0,\"workspace_id\":0}}","tags":{"VORDER":"true"}}}
{"remove":{"path":"part-00000-663804f2-5c20-4763-b108-af4759d89ffd-c000.snappy.parquet","deletionTimestamp":1740401981055,"dataChange":true,"extendedFileMetadata":true,"partitionValues":{},"size":4801,"tags":{"VORDER":"true"}}}
