{"commitInfo":{"timestamp":1740477401498,"operation":"CREATE OR REPLACE TABLE AS SELECT","operationParameters":{"partitionBy":"[]","clusterBy":"[]","description":null,"isManaged":"true","properties":"{\"delta.parquet.vorder.enabled\":\"true\"}"},"readVersion":7,"isolationLevel":"Serializable","isBlindAppend":false,"operationMetrics":{"numFiles":"1","numOutputRows":"8","numOutputBytes":"2890"},"tags":{"VORDER":"true"},"engineInfo":"Apache-Spark/3.5.1.5.4.20250205.3 Delta-Lake/3.2.0.13","txnId":"66918c00-e9f2-425a-9733-f20e0be5a5eb"}}
{"add":{"path":"part-00000-d645c54b-e02a-49dc-ac5c-89b032c76707-c000.snappy.parquet","partitionValues":{},"size":2890,"modificationTime":1740477401119,"dataChange":true,"stats":"{\"numRecords\":8,\"minValues\":{\"table_name\":\"Account\",\"description\":\"\",\"dataset\":\"Finance-GL\",\"data_category\":\"\",\"type\":\"Table\"},\"maxValues\":{\"table_name\":\"Scenario\",\"description\":\"\",\"dataset\":\"Finance-GL\",\"data_category\":\"\",\"type\":\"Table\"},\"nullCount\":{\"table_name\":0,\"description\":0,\"hidden\":0,\"dataset\":0,\"data_category\":0,\"type\":0}}","tags":{"VORDER":"true"}}}
{"remove":{"path":"part-00000-6cf88355-5fd7-4eec-b6a2-c1739b2aea1f-c000.snappy.parquet","deletionTimestamp":1740477401497,"dataChange":true,"extendedFileMetadata":true,"partitionValues":{},"size":2890,"tags":{"VORDER":"true"}}}
