{"commitInfo":{"timestamp":1740054383347,"operation":"CREATE OR REPLACE TABLE AS SELECT","operationParameters":{"partitionBy":"[]","clusterBy":"[]","description":null,"isManaged":"true","properties":"{\"delta.parquet.vorder.enabled\":\"true\"}"},"readVersion":4,"isolationLevel":"Serializable","isBlindAppend":false,"operationMetrics":{"numFiles":"1","numOutputRows":"8","numOutputBytes":"2890"},"tags":{"VORDER":"true"},"engineInfo":"Apache-Spark/3.5.1.5.4.20241007.4 Delta-Lake/3.2.0.5","txnId":"869c392a-d543-4bba-bb94-2ca60f98ab12"}}
{"add":{"path":"part-00000-a3af9bd0-c765-4d21-9d4e-6302ebee876d-c000.snappy.parquet","partitionValues":{},"size":2890,"modificationTime":1740054383012,"dataChange":true,"stats":"{\"numRecords\":8,\"minValues\":{\"table_name\":\"Account\",\"description\":\"\",\"dataset\":\"Finance-GL\",\"data_category\":\"\",\"type\":\"Table\"},\"maxValues\":{\"table_name\":\"Scenario\",\"description\":\"\",\"dataset\":\"Finance-GL\",\"data_category\":\"\",\"type\":\"Table\"},\"nullCount\":{\"table_name\":0,\"description\":0,\"hidden\":0,\"dataset\":0,\"data_category\":0,\"type\":0}}","tags":{"VORDER":"true"}}}
{"remove":{"path":"part-00000-05049280-a5fd-4fad-b614-e4aa4730069f-c000.snappy.parquet","deletionTimestamp":1740054383346,"dataChange":true,"extendedFileMetadata":true,"partitionValues":{},"size":2890,"tags":{"VORDER":"true"}}}
