{"commitInfo":{"timestamp":1733838735404,"operation":"CREATE OR REPLACE TABLE AS SELECT","operationParameters":{"partitionBy":"[]","clusterBy":"[]","description":null,"isManaged":"true","properties":"{\"delta.parquet.vorder.enabled\":\"true\"}"},"isolationLevel":"Serializable","isBlindAppend":false,"operationMetrics":{"numFiles":"1","numOutputRows":"8","numOutputBytes":"2890"},"tags":{"VORDER":"true"},"engineInfo":"Apache-Spark/3.5.1.5.4.20241007.4 Delta-Lake/3.2.0.5","txnId":"ba23791e-51bd-46a3-b3cc-b7275bdf9a93"}}
{"metaData":{"id":"4607dcc9-c87c-445c-92d8-6470dbaa28b4","format":{"provider":"parquet","options":{}},"schemaString":"{\"type\":\"struct\",\"fields\":[{\"name\":\"dataset\",\"type\":\"string\",\"nullable\":true,\"metadata\":{}},{\"name\":\"table_name\",\"type\":\"string\",\"nullable\":true,\"metadata\":{}},{\"name\":\"description\",\"type\":\"string\",\"nullable\":true,\"metadata\":{}},{\"name\":\"hidden\",\"type\":\"boolean\",\"nullable\":true,\"metadata\":{}},{\"name\":\"data_category\",\"type\":\"string\",\"nullable\":true,\"metadata\":{}},{\"name\":\"type\",\"type\":\"string\",\"nullable\":true,\"metadata\":{}}]}","partitionColumns":[],"configuration":{"delta.parquet.vorder.enabled":"true"},"createdTime":1733838734797}}
{"protocol":{"minReaderVersion":1,"minWriterVersion":2}}
{"add":{"path":"part-00000-f38a16f2-f174-452e-8cf9-42493d67f5bf-c000.snappy.parquet","partitionValues":{},"size":2890,"modificationTime":1733838735187,"dataChange":true,"stats":"{\"numRecords\":8,\"minValues\":{\"table_name\":\"Account\",\"description\":\"\",\"dataset\":\"Finance-GL\",\"data_category\":\"\",\"type\":\"Table\"},\"maxValues\":{\"table_name\":\"Scenario\",\"description\":\"\",\"dataset\":\"Finance-GL\",\"data_category\":\"\",\"type\":\"Table\"},\"nullCount\":{\"table_name\":0,\"description\":0,\"hidden\":0,\"dataset\":0,\"data_category\":0,\"type\":0}}","tags":{"VORDER":"true"}}}
