{"commitInfo":{"timestamp":1733853237911,"operation":"CREATE OR REPLACE TABLE AS SELECT","operationParameters":{"partitionBy":"[]","clusterBy":"[]","description":null,"isManaged":"true","properties":"{\"delta.parquet.vorder.enabled\":\"true\"}"},"readVersion":1,"isolationLevel":"Serializable","isBlindAppend":false,"operationMetrics":{"numFiles":"1","numOutputRows":"8","numOutputBytes":"2890"},"tags":{"VORDER":"true"},"engineInfo":"Apache-Spark/3.5.1.5.4.20241007.4 Delta-Lake/3.2.0.5","txnId":"dab00a00-461f-475e-b316-d9c9130eb983"}}
{"add":{"path":"part-00000-80542207-0792-4dee-aed6-034ab4faa1c9-c000.snappy.parquet","partitionValues":{},"size":2890,"modificationTime":1733853237501,"dataChange":true,"stats":"{\"numRecords\":8,\"minValues\":{\"table_name\":\"Account\",\"description\":\"\",\"dataset\":\"Finance-GL\",\"data_category\":\"\",\"type\":\"Table\"},\"maxValues\":{\"table_name\":\"Scenario\",\"description\":\"\",\"dataset\":\"Finance-GL\",\"data_category\":\"\",\"type\":\"Table\"},\"nullCount\":{\"table_name\":0,\"description\":0,\"hidden\":0,\"dataset\":0,\"data_category\":0,\"type\":0}}","tags":{"VORDER":"true"}}}
{"remove":{"path":"part-00000-68cb9726-5dac-401d-9c01-7479c11cf5a7-c000.snappy.parquet","deletionTimestamp":1733853237910,"dataChange":true,"extendedFileMetadata":true,"partitionValues":{},"size":2890,"tags":{"VORDER":"true"}}}
