{"commitInfo":{"timestamp":1741170854315,"operation":"CREATE OR REPLACE TABLE AS SELECT","operationParameters":{"partitionBy":"[]","clusterBy":"[]","description":null,"isManaged":"true","properties":"{\"delta.parquet.vorder.enabled\":\"true\"}"},"isolationLevel":"Serializable","isBlindAppend":false,"operationMetrics":{"numFiles":"1","numOutputRows":"103","numOutputBytes":"13078"},"tags":{"VORDER":"true"},"engineInfo":"Apache-Spark/3.5.1.5.4.20250205.3 Delta-Lake/3.2.0.13","txnId":"92aab188-fa40-43cb-a920-596bf6b3507d"}}
{"metaData":{"id":"dd27a76c-eac3-40ca-bebe-1a2b09c8277e","format":{"provider":"parquet","options":{}},"schemaString":"{\"type\":\"struct\",\"fields\":[{\"name\":\"RowNumber\",\"type\":\"long\",\"nullable\":true,\"metadata\":{}},{\"name\":\"ReportNo\",\"type\":\"long\",\"nullable\":true,\"metadata\":{}},{\"name\":\"ReportHeading\",\"type\":\"string\",\"nullable\":true,\"metadata\":{}},{\"name\":\"ReportHeadingNo\",\"type\":\"long\",\"nullable\":true,\"metadata\":{}},{\"name\":\"ReportSection\",\"type\":\"string\",\"nullable\":true,\"metadata\":{}},{\"name\":\"LineNo\",\"type\":\"long\",\"nullable\":true,\"metadata\":{}},{\"name\":\"LinkLineNo\",\"type\":\"double\",\"nullable\":true,\"metadata\":{}},{\"name\":\"LinkSignage\",\"type\":\"long\",\"nullable\":true,\"metadata\":{}},{\"name\":\"LinkHeading\",\"type\":\"string\",\"nullable\":true,\"metadata\":{}},{\"name\":\"LinkReport\",\"type\":\"string\",\"nullable\":true,\"metadata\":{}},{\"name\":\"Operator\",\"type\":\"string\",\"nullable\":true,\"metadata\":{}},{\"name\":\"Report\",\"type\":\"string\",\"nullable\":true,\"metadata\":{}},{\"name\":\"Calc_\",\"type\":\"string\",\"nullable\":true,\"metadata\":{}},{\"name\":\"LineageKey\",\"type\":\"string\",\"nullable\":true,\"metadata\":{}},{\"name\":\"FileUrl\",\"type\":\"string\",\"nullable\":true,\"metadata\":{}},{\"name\":\"FileName\",\"type\":\"string\",\"nullable\":true,\"metadata\":{}}]}","partitionColumns":[],"configuration":{"delta.parquet.vorder.enabled":"true"},"createdTime":1741170852939}}
{"protocol":{"minReaderVersion":1,"minWriterVersion":2}}
{"add":{"path":"part-00000-76e461ff-ccf1-4ce4-9d6f-c59706adc231-c000.snappy.parquet","partitionValues":{},"size":13078,"modificationTime":1741170853776,"dataChange":true,"stats":"{\"minValues\":{\"ReportHeading\":\"Ammortisation\",\"Operator\":\"Calc1\",\"LinkReport\":\"BS\",\"LinkLineNo\":8.0,\"ReportSection\":\"Accounts Payable\",\"LinkSignage\":-1,\"LinkHeading\":\"Long Term Liabilities\",\"FileUrl\":\"https://prodata365.sharepoint.co\",\"LineNo\":1,\"FileName\":\"AccountRange.xlsx\",\"Calc_\":\"Cost of Sales\",\"Report\":\"BS\",\"RowNumber\":1,\"LineageKey\":\"648ad833-14a5-499e-a920-e54e9bb7\",\"ReportNo\":1,\"ReportHeadingNo\":1},\"maxValues\":{\"ReportHeading\":\"Variances\",\"Operator\":\"Sum\",\"LinkReport\":\"P&L\",\"LinkLineNo\":21.0,\"ReportSection\":\"Variances\",\"LinkSignage\":1,\"LinkHeading\":\"Non Current Assets\",\"FileUrl\":\"https://prodata365.sharepoint.co\",\"LineNo\":31,\"FileName\":\"AccountRange.xlsx\",\"Calc_\":\"Total Liability and Equity\",\"Report\":\"P&L\",\"RowNumber\":103,\"LineageKey\":\"648ad833-14a5-499e-a920-e54e9bb7\",\"ReportNo\":111,\"ReportHeadingNo\":38},\"nullCount\":{\"ReportHeading\":0,\"Operator\":0,\"LinkReport\":91,\"LinkLineNo\":93,\"ReportSection\":0,\"LinkSignage\":0,\"LinkHeading\":101,\"FileUrl\":0,\"LineNo\":0,\"FileName\":0,\"Calc_\":74,\"Report\":0,\"RowNumber\":0,\"LineageKey\":0,\"ReportNo\":0,\"ReportHeadingNo\":0},\"numRecords\":103}","tags":{"VORDER":"true"}}}
