{"commitInfo":{"timestamp":1741170850627,"operation":"CREATE OR REPLACE TABLE AS SELECT","operationParameters":{"partitionBy":"[]","clusterBy":"[]","description":null,"isManaged":"true","properties":"{\"delta.parquet.vorder.enabled\":\"true\"}"},"isolationLevel":"Serializable","isBlindAppend":false,"operationMetrics":{"numFiles":"1","numOutputRows":"14","numOutputBytes":"3896"},"tags":{"VORDER":"true"},"engineInfo":"Apache-Spark/3.5.1.5.4.20250205.3 Delta-Lake/3.2.0.13","txnId":"1cd64a70-c603-4e30-a4fc-12c873360356"}}
{"metaData":{"id":"bf58a46f-aca6-4eaf-88f7-607b1d21f544","format":{"provider":"parquet","options":{}},"schemaString":"{\"type\":\"struct\",\"fields\":[{\"name\":\"OrganizationName\",\"type\":\"string\",\"nullable\":true,\"metadata\":{}},{\"name\":\"ParentOrganizationName\",\"type\":\"string\",\"nullable\":true,\"metadata\":{}},{\"name\":\"PercentageOfOwnership\",\"type\":\"string\",\"nullable\":true,\"metadata\":{}},{\"name\":\"CurrencyCode\",\"type\":\"string\",\"nullable\":true,\"metadata\":{}},{\"name\":\"FileName\",\"type\":\"string\",\"nullable\":true,\"metadata\":{}},{\"name\":\"LineageKey\",\"type\":\"string\",\"nullable\":true,\"metadata\":{}}]}","partitionColumns":[],"configuration":{"delta.parquet.vorder.enabled":"true"},"createdTime":1741170850104}}
{"protocol":{"minReaderVersion":1,"minWriterVersion":2}}
{"add":{"path":"part-00000-d417c812-4597-448a-a79c-6f240de1371b-c000.snappy.parquet","partitionValues":{},"size":3896,"modificationTime":1741170850390,"dataChange":true,"stats":"{\"numRecords\":14,\"minValues\":{\"OrganizationName\":\"AdventureWorks Cycle\",\"CurrencyCode\":\"AUD\",\"PercentageOfOwnership\":\"0.25\",\"ParentOrganizationName\":\"AdventureWorks Cycle\",\"FileName\":\"Organization.csv\",\"LineageKey\":\"54bdc697-92e0-47b8-b806-704ae01e\"},\"maxValues\":{\"OrganizationName\":\"USA Operations\",\"CurrencyCode\":\"USD\",\"PercentageOfOwnership\":\"1\",\"ParentOrganizationName\":\"USA Operations\",\"FileName\":\"Organization.csv\",\"LineageKey\":\"54bdc697-92e0-47b8-b806-704ae01e\"},\"nullCount\":{\"OrganizationName\":0,\"CurrencyCode\":0,\"PercentageOfOwnership\":0,\"ParentOrganizationName\":1,\"FileName\":0,\"LineageKey\":0}}","tags":{"VORDER":"true"}}}
