{"commitInfo":{"timestamp":1733783469558,"operation":"CREATE OR REPLACE TABLE AS SELECT","operationParameters":{"partitionBy":"[]","clusterBy":"[]","description":null,"isManaged":"true","properties":"{\"delta.parquet.vorder.enabled\":\"true\"}"},"isolationLevel":"Serializable","isBlindAppend":false,"operationMetrics":{"numFiles":"1","numOutputRows":"37","numOutputBytes":"13575"},"tags":{"VORDER":"true"},"engineInfo":"Apache-Spark/3.5.1.5.4.20241007.4 Delta-Lake/3.2.0.5","txnId":"6cbf3505-1336-4414-9c8f-492d795978ce"}}
{"metaData":{"id":"8c7ba994-3239-4c85-b4e3-fb21b4e1c916","format":{"provider":"parquet","options":{}},"schemaString":"{\"type\":\"struct\",\"fields\":[{\"name\":\"RowNumber\",\"type\":\"long\",\"nullable\":true,\"metadata\":{}},{\"name\":\"Report_Refresh_Date\",\"type\":\"string\",\"nullable\":true,\"metadata\":{}},{\"name\":\"Site_Id\",\"type\":\"string\",\"nullable\":true,\"metadata\":{}},{\"name\":\"Site_URL\",\"type\":\"double\",\"nullable\":true,\"metadata\":{}},{\"name\":\"Owner_Display_Name\",\"type\":\"string\",\"nullable\":true,\"metadata\":{}},{\"name\":\"Is_Deleted\",\"type\":\"boolean\",\"nullable\":true,\"metadata\":{}},{\"name\":\"Last_Activity_Date\",\"type\":\"string\",\"nullable\":true,\"metadata\":{}},{\"name\":\"File_Count\",\"type\":\"long\",\"nullable\":true,\"metadata\":{}},{\"name\":\"Active_File_Count\",\"type\":\"long\",\"nullable\":true,\"metadata\":{}},{\"name\":\"Storage_Used__Byte\",\"type\":\"long\",\"nullable\":true,\"metadata\":{}},{\"name\":\"Storage_Allocated__Byte\",\"type\":\"long\",\"nullable\":true,\"metadata\":{}},{\"name\":\"Owner_Principal_Name\",\"type\":\"string\",\"nullable\":true,\"metadata\":{}},{\"name\":\"Report_Period\",\"type\":\"long\",\"nullable\":true,\"metadata\":{}},{\"name\":\"LineageKey\",\"type\":\"string\",\"nullable\":true,\"metadata\":{}},{\"name\":\"FileName\",\"type\":\"string\",\"nullable\":true,\"metadata\":{}},{\"name\":\"RowChecksum\",\"type\":\"string\",\"nullable\":true,\"metadata\":{}}]}","partitionColumns":[],"configuration":{"delta.parquet.vorder.enabled":"true"},"createdTime":1733783461326}}
{"protocol":{"minReaderVersion":1,"minWriterVersion":2}}
{"add":{"path":"part-00000-9cd69350-3f14-41c3-8a2f-bf68239abb2e-c000.snappy.parquet","partitionValues":{},"size":13575,"modificationTime":1733783468143,"dataChange":true,"stats":"{\"minValues\":{\"Active_File_Count\":0,\"Owner_Principal_Name\":\"Aisling@mcentee.me\",\"Last_Activity_Date\":\"2020-03-19\",\"RowChecksum\":\"0da220471f72a68da80ebd3a505ea0bf\",\"Owner_Display_Name\":\"Aidan Dowling\",\"File_Count\":0,\"Storage_Used__Byte\":0,\"FileName\":\"https://graph.microsoft.com/v1.0\",\"Report_Period\":90,\"Storage_Allocated__Byte\":1099511627776,\"RowNumber\":2,\"LineageKey\":\"00000000-0000-0000-0000-00000000\",\"Report_Refresh_Date\":\"2024-12-07\",\"Site_Id\":\"11abb343-d7c0-44b9-b4b2-c8f14384\"},\"maxValues\":{\"Active_File_Count\":1987,\"Owner_Principal_Name\":\"vadym@prodata.ie\",\"Last_Activity_Date\":\"2024-12-07\",\"RowChecksum\":\"f695ebfc13387efc5ac63a3d93f6f224\",\"Owner_Display_Name\":\"usfinancefiles301\",\"File_Count\":78895,\"Storage_Used__Byte\":225068038786,\"FileName\":\"https://graph.microsoft.com/v1.0\",\"Report_Period\":90,\"Storage_Allocated__Byte\":1099511627776,\"RowNumber\":38,\"LineageKey\":\"00000000-0000-0000-0000-00000000\",\"Report_Refresh_Date\":\"2024-12-07\",\"Site_Id\":\"fd7eb178-0e49-4f72-9d88-4378f084\"},\"nullCount\":{\"Active_File_Count\":0,\"Is_Deleted\":0,\"Owner_Principal_Name\":0,\"Last_Activity_Date\":19,\"RowChecksum\":0,\"Owner_Display_Name\":0,\"File_Count\":0,\"Site_URL\":37,\"Storage_Used__Byte\":0,\"FileName\":0,\"Report_Period\":0,\"Storage_Allocated__Byte\":0,\"RowNumber\":0,\"LineageKey\":0,\"Report_Refresh_Date\":0,\"Site_Id\":0},\"numRecords\":37}","tags":{"VORDER":"true"}}}
