{"commitInfo":{"timestamp":1741170839068,"operation":"CREATE OR REPLACE TABLE AS SELECT","operationParameters":{"partitionBy":"[]","clusterBy":"[]","description":null,"isManaged":"true","properties":"{\"delta.parquet.vorder.enabled\":\"true\"}"},"isolationLevel":"Serializable","isBlindAppend":false,"operationMetrics":{"numFiles":"1","numOutputRows":"99","numOutputBytes":"7991"},"tags":{"VORDER":"true"},"engineInfo":"Apache-Spark/3.5.1.5.4.20250205.3 Delta-Lake/3.2.0.13","txnId":"56641c1d-8401-42ef-9d0b-3f1ea61f5f9d"}}
{"metaData":{"id":"6c3c266a-5a45-40c2-bd25-4620f7bca91c","format":{"provider":"parquet","options":{}},"schemaString":"{\"type\":\"struct\",\"fields\":[{\"name\":\"AccountCode\",\"type\":\"string\",\"nullable\":true,\"metadata\":{}},{\"name\":\"ParentAccountCode\",\"type\":\"string\",\"nullable\":true,\"metadata\":{}},{\"name\":\"AccountDescription\",\"type\":\"string\",\"nullable\":true,\"metadata\":{}},{\"name\":\"AccountType\",\"type\":\"string\",\"nullable\":true,\"metadata\":{}},{\"name\":\"Operator\",\"type\":\"string\",\"nullable\":true,\"metadata\":{}},{\"name\":\"CustomMembers\",\"type\":\"string\",\"nullable\":true,\"metadata\":{}},{\"name\":\"ValueType\",\"type\":\"string\",\"nullable\":true,\"metadata\":{}},{\"name\":\"CustomMemberOptions\",\"type\":\"string\",\"nullable\":true,\"metadata\":{}},{\"name\":\"FileName\",\"type\":\"string\",\"nullable\":true,\"metadata\":{}},{\"name\":\"LineageKey\",\"type\":\"string\",\"nullable\":true,\"metadata\":{}}]}","partitionColumns":[],"configuration":{"delta.parquet.vorder.enabled":"true"},"createdTime":1741170837924}}
{"protocol":{"minReaderVersion":1,"minWriterVersion":2}}
{"add":{"path":"part-00000-fc70045d-2ef8-4ec4-95ca-bfe6bec53a48-c000.snappy.parquet","partitionValues":{},"size":7991,"modificationTime":1741170838464,"dataChange":true,"stats":"{\"numRecords\":99,\"minValues\":{\"Operator\":\"+\",\"ValueType\":\"Currency\",\"AccountDescription\":\"Accounts Payable\",\"AccountCode\":\"1\",\"AccountType\":\"Assets\",\"FileName\":\"Account.csv\",\"CustomMembers\":\"[Account].[Accounts].[Account Le\",\"ParentAccountCode\":\"1\",\"LineageKey\":\"54bdc697-92e0-47b8-b806-704ae01e\"},\"maxValues\":{\"Operator\":\"~\",\"ValueType\":\"Units\",\"AccountDescription\":\"Work in Process\",\"AccountCode\":\"9540\",\"AccountType\":\"Statistical\",\"FileName\":\"Account.csv\",\"CustomMembers\":\"[Account].[Accounts].[Account Le\",\"ParentAccountCode\":\"9500\",\"LineageKey\":\"54bdc697-92e0-47b8-b806-704ae01e\"},\"nullCount\":{\"CustomMemberOptions\":99,\"Operator\":0,\"ValueType\":0,\"AccountDescription\":0,\"AccountCode\":0,\"AccountType\":1,\"FileName\":0,\"CustomMembers\":98,\"ParentAccountCode\":3,\"LineageKey\":0}}","tags":{"VORDER":"true"}}}
