{"commitInfo":{"timestamp":1741170852975,"operation":"CREATE OR REPLACE TABLE AS SELECT","operationParameters":{"partitionBy":"[]","clusterBy":"[]","description":null,"isManaged":"true","properties":"{\"delta.parquet.vorder.enabled\":\"true\"}"},"isolationLevel":"Serializable","isBlindAppend":false,"operationMetrics":{"numFiles":"1","numOutputRows":"3","numOutputBytes":"2007"},"tags":{"VORDER":"true"},"engineInfo":"Apache-Spark/3.5.1.5.4.20250205.3 Delta-Lake/3.2.0.13","txnId":"75ef92ec-0344-4d53-8f18-465ce5ed8fe6"}}
{"metaData":{"id":"8edde061-ffd5-4b5b-a803-55e2ca40b625","format":{"provider":"parquet","options":{}},"schemaString":"{\"type\":\"struct\",\"fields\":[{\"name\":\"ScenarioName\",\"type\":\"string\",\"nullable\":true,\"metadata\":{}},{\"name\":\"FileName\",\"type\":\"string\",\"nullable\":true,\"metadata\":{}},{\"name\":\"LineageKey\",\"type\":\"string\",\"nullable\":true,\"metadata\":{}}]}","partitionColumns":[],"configuration":{"delta.parquet.vorder.enabled":"true"},"createdTime":1741170852479}}
{"protocol":{"minReaderVersion":1,"minWriterVersion":2}}
{"add":{"path":"part-00000-48d230ec-9b21-40b8-ade9-e26c5bbc390d-c000.snappy.parquet","partitionValues":{},"size":2007,"modificationTime":1741170852754,"dataChange":true,"stats":"{\"numRecords\":3,\"minValues\":{\"LineageKey\":\"54bdc697-92e0-47b8-b806-704ae01e\",\"FileName\":\"Scenario.csv\",\"ScenarioName\":\"Actual\"},\"maxValues\":{\"LineageKey\":\"54bdc697-92e0-47b8-b806-704ae01e\",\"FileName\":\"Scenario.csv\",\"ScenarioName\":\"Forecast\"},\"nullCount\":{\"LineageKey\":0,\"FileName\":0,\"ScenarioName\":0}}","tags":{"VORDER":"true"}}}
