{"commitInfo":{"timestamp":1740401798593,"operation":"MERGE","operationParameters":{"predicate":"[\"(id#1849L = id#1869L)\"]","matchedPredicates":"[]","notMatchedPredicates":"[{\"actionType\":\"insert\"}]","notMatchedBySourcePredicates":"[]"},"readVersion":0,"isolationLevel":"Serializable","isBlindAppend":false,"operationMetrics":{"numTargetRowsCopied":"0","numTargetRowsDeleted":"0","numTargetFilesAdded":"1","numTargetBytesAdded":"5474","numTargetBytesRemoved":"0","numTargetDeletionVectorsAdded":"0","numTargetRowsMatchedUpdated":"0","executionTimeMs":"774","numTargetRowsInserted":"1","numTargetRowsMatchedDeleted":"0","numTargetDeletionVectorsUpdated":"0","scanTimeMs":"0","numTargetRowsUpdated":"0","numOutputRows":"1","numTargetDeletionVectorsRemoved":"0","numTargetRowsNotMatchedBySourceUpdated":"0","numTargetChangeFilesAdded":"0","numSourceRows":"1","numTargetFilesRemoved":"0","numTargetRowsNotMatchedBySourceDeleted":"0","rewriteTimeMs":"731"},"tags":{"VORDER":"true"},"engineInfo":"Apache-Spark/3.5.1.5.4.20241007.4 Delta-Lake/3.2.0.5","txnId":"3547980d-1de6-417b-96ae-a07e2e82ff26"}}
{"add":{"path":"part-00000-335e8e37-9780-439d-b6f7-b94e92027f53-c000.snappy.parquet","partitionValues":{},"size":5474,"modificationTime":1740401798385,"dataChange":true,"stats":"{\"minValues\":{\"start_time\":\"2025-02-21T17:55:17.393Z\",\"end_time\":\"2025-02-21T17:55:21.217Z\",\"id\":6657104869,\"workspace\":\"5941a6c0-8c98-4d79-b065-a3789e9e\",\"status\":\"Completed\",\"request_id\":\"cc654184-4843-44f1-95fb-3e5339a8\",\"dataset\":\"Finance-GL\",\"refresh_attempts\":\"Completed\",\"refresh_type\":\"ViaEnhancedApi\"},\"maxValues\":{\"start_time\":\"2025-02-21T17:55:17.393Z\",\"end_time\":\"2025-02-21T17:55:21.217Z\",\"id\":6657104869,\"workspace\":\"5941a6c0-8c98-4d79-b065-a3789e9e\",\"status\":\"Completed\",\"request_id\":\"cc654184-4843-44f1-95fb-3e5339a8\",\"dataset\":\"Finance-GL\",\"refresh_attempts\":\"Completed\",\"refresh_type\":\"ViaEnhancedApi\"},\"nullCount\":{\"service_exception_json\":1,\"start_time\":0,\"end_time\":0,\"id\":0,\"workspace\":0,\"status\":0,\"request_id\":0,\"dataset\":0,\"refresh_attempts\":0,\"refresh_type\":0},\"numRecords\":1}","tags":{"VORDER":"true"}}}
