{"commitInfo":{"timestamp":1740477300532,"operation":"MERGE","operationParameters":{"predicate":"[\"(id#1849L = id#1869L)\"]","matchedPredicates":"[]","notMatchedPredicates":"[{\"actionType\":\"insert\"}]","notMatchedBySourcePredicates":"[]"},"readVersion":1,"isolationLevel":"Serializable","isBlindAppend":false,"operationMetrics":{"numTargetRowsCopied":"0","numTargetRowsDeleted":"0","numTargetFilesAdded":"1","numTargetBytesAdded":"5608","numTargetBytesRemoved":"0","numTargetDeletionVectorsAdded":"0","numTargetRowsMatchedUpdated":"0","executionTimeMs":"882","numTargetRowsInserted":"3","numTargetRowsMatchedDeleted":"0","numTargetDeletionVectorsUpdated":"0","scanTimeMs":"0","numTargetRowsUpdated":"0","numOutputRows":"3","numTargetDeletionVectorsRemoved":"0","numTargetRowsNotMatchedBySourceUpdated":"0","numTargetChangeFilesAdded":"0","numSourceRows":"4","numTargetFilesRemoved":"0","numTargetRowsNotMatchedBySourceDeleted":"0","rewriteTimeMs":"830"},"tags":{"VORDER":"true"},"engineInfo":"Apache-Spark/3.5.1.5.4.20250205.3 Delta-Lake/3.2.0.13","txnId":"3f73353f-e185-41c8-af1b-a06de80e607e"}}
{"add":{"path":"part-00000-f09c7dd6-6c8f-42d6-8194-c4b00b1e69e8-c000.snappy.parquet","partitionValues":{},"size":5608,"modificationTime":1740477300345,"dataChange":true,"stats":"{\"minValues\":{\"start_time\":\"2025-02-24T13:20:31.420Z\",\"end_time\":\"2025-02-24T13:20:41.490Z\",\"id\":6661086652,\"workspace\":\"5941a6c0-8c98-4d79-b065-a3789e9e\",\"status\":\"Completed\",\"request_id\":\"595e3849-b89a-4d9c-9cfa-ce4c544c\",\"dataset\":\"Finance-GL\",\"refresh_attempts\":\"Completed\",\"refresh_type\":\"ViaEnhancedApi\"},\"maxValues\":{\"start_time\":\"2025-02-24T16:59:28.943Z\",\"end_time\":\"2025-02-24T16:59:33.863Z\",\"id\":6661326079,\"workspace\":\"5941a6c0-8c98-4d79-b065-a3789e9e\",\"status\":\"Completed\",\"request_id\":\"a72a4d18-33b5-4147-a44d-42e1832d\",\"dataset\":\"Finance-GL\",\"refresh_attempts\":\"Completed\",\"refresh_type\":\"ViaEnhancedApi\"},\"nullCount\":{\"service_exception_json\":3,\"start_time\":0,\"end_time\":0,\"id\":0,\"workspace\":0,\"status\":0,\"request_id\":0,\"dataset\":0,\"refresh_attempts\":0,\"refresh_type\":0},\"numRecords\":3}","tags":{"VORDER":"true"}}}
