{"commitInfo":{"timestamp":1733839238955,"operation":"CREATE OR REPLACE TABLE AS SELECT","operationParameters":{"partitionBy":"[]","clusterBy":"[]","description":null,"isManaged":"true","properties":"{\"delta.parquet.vorder.enabled\":\"true\"}"},"isolationLevel":"Serializable","isBlindAppend":false,"operationMetrics":{"numFiles":"1","numOutputRows":"1","numOutputBytes":"5763"},"tags":{"VORDER":"true"},"engineInfo":"Apache-Spark/3.5.1.5.4.20241007.4 Delta-Lake/3.2.0.5","txnId":"5df63d8b-a919-4233-9614-74979ebe4aae"}}
{"metaData":{"id":"0af48988-e30d-4a7c-975b-b8338f84a7bd","format":{"provider":"parquet","options":{}},"schemaString":"{\"type\":\"struct\",\"fields\":[{\"name\":\"dataset\",\"type\":\"string\",\"nullable\":true,\"metadata\":{}},{\"name\":\"workspace\",\"type\":\"string\",\"nullable\":true,\"metadata\":{}},{\"name\":\"id\",\"type\":\"long\",\"nullable\":true,\"metadata\":{}},{\"name\":\"request_id\",\"type\":\"string\",\"nullable\":true,\"metadata\":{}},{\"name\":\"start_time\",\"type\":\"timestamp\",\"nullable\":true,\"metadata\":{}},{\"name\":\"end_time\",\"type\":\"timestamp\",\"nullable\":true,\"metadata\":{}},{\"name\":\"refresh_type\",\"type\":\"string\",\"nullable\":true,\"metadata\":{}},{\"name\":\"service_exception_json\",\"type\":\"string\",\"nullable\":true,\"metadata\":{}},{\"name\":\"status\",\"type\":\"string\",\"nullable\":true,\"metadata\":{}},{\"name\":\"refresh_attempts\",\"type\":\"string\",\"nullable\":true,\"metadata\":{}}]}","partitionColumns":[],"configuration":{"delta.parquet.vorder.enabled":"true"},"createdTime":1733839237596}}
{"protocol":{"minReaderVersion":1,"minWriterVersion":2}}
{"add":{"path":"part-00000-a1f4ba77-0ef4-4192-a579-b100212b9928-c000.snappy.parquet","partitionValues":{},"size":5763,"modificationTime":1733839238347,"dataChange":true,"stats":"{\"minValues\":{\"service_exception_json\":\"{\\\"errorCode\\\":\\\"ModelRefreshDisabl\",\"start_time\":\"2024-12-08T16:00:28.243Z\",\"end_time\":\"2024-12-08T16:00:28.337Z\",\"id\":6547902795,\"workspace\":\"5941a6c0-8c98-4d79-b065-a3789e9e\",\"status\":\"Failed\",\"request_id\":\"6d0c606b-05c1-12b8-446c-36a241a9\",\"dataset\":\"Finance-GL\",\"refresh_type\":\"OnDemand\"},\"maxValues\":{\"service_exception_json\":\"{\\\"errorCode\\\":\\\"ModelRefreshDisabl\",\"start_time\":\"2024-12-08T16:00:28.243Z\",\"end_time\":\"2024-12-08T16:00:28.337Z\",\"id\":6547902795,\"workspace\":\"5941a6c0-8c98-4d79-b065-a3789e9e\",\"status\":\"Failed\",\"request_id\":\"6d0c606b-05c1-12b8-446c-36a241a9\",\"dataset\":\"Finance-GL\",\"refresh_type\":\"OnDemand\"},\"nullCount\":{\"service_exception_json\":0,\"start_time\":0,\"end_time\":0,\"id\":0,\"workspace\":0,\"status\":0,\"request_id\":0,\"dataset\":0,\"refresh_attempts\":1,\"refresh_type\":0},\"numRecords\":1}","tags":{"VORDER":"true"}}}
