{"commitInfo":{"timestamp":1733853243909,"operation":"CREATE OR REPLACE TABLE AS SELECT","operationParameters":{"partitionBy":"[]","clusterBy":"[]","description":null,"isManaged":"true","properties":"{\"delta.parquet.vorder.enabled\":\"true\"}"},"readVersion":1,"isolationLevel":"Serializable","isBlindAppend":false,"operationMetrics":{"numFiles":"1","numOutputRows":"19","numOutputBytes":"8331"},"tags":{"VORDER":"true"},"engineInfo":"Apache-Spark/3.5.1.5.4.20241007.4 Delta-Lake/3.2.0.5","txnId":"47b5fb8e-ae20-40a2-b24e-f23266acbfb4"}}
{"add":{"path":"part-00000-3d91bf3f-6679-4c41-aa2b-53722cf5aff4-c000.snappy.parquet","partitionValues":{},"size":8331,"modificationTime":1733853243514,"dataChange":true,"stats":"{\"nullCount\":{\"detail_rows_definition\":19,\"table_name\":0,\"measure_data_type\":0,\"measure_expression\":0,\"format_string\":0,\"measure_display_folder\":0,\"measure_name\":0,\"measure_description\":0,\"format_string_definition\":19,\"dataset\":0,\"data_category\":0,\"measure_hidden\":0},\"numRecords\":19,\"minValues\":{\"table_name\":\"Finanical Report\",\"measure_data_type\":\"Double\",\"measure_expression\":\"\\nIF (\\n    OR (\\n        HASONEVAL\",\"format_string\":\"\",\"measure_display_folder\":\"\",\"measure_name\":\"Base Amount\",\"measure_description\":\"\",\"dataset\":\"Finance-GL\",\"data_category\":\"\"},\"maxValues\":{\"table_name\":\"General Ledger\",\"measure_data_type\":\"Int64\",\"measure_expression\":\"var MaxPeriod =max('Date'[Fiscal\",\"format_string\":\"0.0%;-0.0%;0.0%\",\"measure_display_folder\":\"_Internal\",\"measure_name\":\"Report Scope\",\"measure_description\":\"\",\"dataset\":\"Finance-GL\",\"data_category\":\"\"}}","tags":{"VORDER":"true"}}}
{"remove":{"path":"part-00000-85c2ff94-e042-4261-995f-b3d8c0e29c74-c000.snappy.parquet","deletionTimestamp":1733853243908,"dataChange":true,"extendedFileMetadata":true,"partitionValues":{},"size":8331,"tags":{"VORDER":"true"}}}
