{"commitInfo":{"timestamp":1733838738644,"operation":"CREATE OR REPLACE TABLE AS SELECT","operationParameters":{"partitionBy":"[]","clusterBy":"[]","description":null,"isManaged":"true","properties":"{\"delta.parquet.vorder.enabled\":\"true\"}"},"isolationLevel":"Serializable","isBlindAppend":false,"operationMetrics":{"numFiles":"1","numOutputRows":"19","numOutputBytes":"8331"},"tags":{"VORDER":"true"},"engineInfo":"Apache-Spark/3.5.1.5.4.20241007.4 Delta-Lake/3.2.0.5","txnId":"a59134ec-960b-4964-afed-f9791f8e37e3"}}
{"metaData":{"id":"6c91bc74-0854-4204-b83a-5fb4913ec990","format":{"provider":"parquet","options":{}},"schemaString":"{\"type\":\"struct\",\"fields\":[{\"name\":\"dataset\",\"type\":\"string\",\"nullable\":true,\"metadata\":{}},{\"name\":\"table_name\",\"type\":\"string\",\"nullable\":true,\"metadata\":{}},{\"name\":\"measure_name\",\"type\":\"string\",\"nullable\":true,\"metadata\":{}},{\"name\":\"measure_expression\",\"type\":\"string\",\"nullable\":true,\"metadata\":{}},{\"name\":\"measure_data_type\",\"type\":\"string\",\"nullable\":true,\"metadata\":{}},{\"name\":\"measure_hidden\",\"type\":\"boolean\",\"nullable\":true,\"metadata\":{}},{\"name\":\"measure_display_folder\",\"type\":\"string\",\"nullable\":true,\"metadata\":{}},{\"name\":\"measure_description\",\"type\":\"string\",\"nullable\":true,\"metadata\":{}},{\"name\":\"format_string\",\"type\":\"string\",\"nullable\":true,\"metadata\":{}},{\"name\":\"data_category\",\"type\":\"string\",\"nullable\":true,\"metadata\":{}},{\"name\":\"detail_rows_definition\",\"type\":\"void\",\"nullable\":true,\"metadata\":{}},{\"name\":\"format_string_definition\",\"type\":\"void\",\"nullable\":true,\"metadata\":{}}]}","partitionColumns":[],"configuration":{"delta.parquet.vorder.enabled":"true"},"createdTime":1733838738122}}
{"protocol":{"minReaderVersion":1,"minWriterVersion":2}}
{"add":{"path":"part-00000-5979bd5c-f4e6-4f02-ae11-6428096899d3-c000.snappy.parquet","partitionValues":{},"size":8331,"modificationTime":1733838738434,"dataChange":true,"stats":"{\"nullCount\":{\"detail_rows_definition\":19,\"table_name\":0,\"measure_data_type\":0,\"measure_expression\":0,\"format_string\":0,\"measure_display_folder\":0,\"measure_name\":0,\"measure_description\":0,\"format_string_definition\":19,\"dataset\":0,\"data_category\":0,\"measure_hidden\":0},\"numRecords\":19,\"minValues\":{\"table_name\":\"Finanical Report\",\"measure_data_type\":\"Double\",\"measure_expression\":\"\\nIF (\\n    OR (\\n        HASONEVAL\",\"format_string\":\"\",\"measure_display_folder\":\"\",\"measure_name\":\"Base Amount\",\"measure_description\":\"\",\"dataset\":\"Finance-GL\",\"data_category\":\"\"},\"maxValues\":{\"table_name\":\"General Ledger\",\"measure_data_type\":\"Int64\",\"measure_expression\":\"var MaxPeriod =max('Date'[Fiscal\",\"format_string\":\"0.0%;-0.0%;0.0%\",\"measure_display_folder\":\"_Internal\",\"measure_name\":\"Report Scope\",\"measure_description\":\"\",\"dataset\":\"Finance-GL\",\"data_category\":\"\"}}","tags":{"VORDER":"true"}}}
