{"commitInfo":{"timestamp":1740053837061,"operation":"CREATE OR REPLACE TABLE AS SELECT","operationParameters":{"partitionBy":"[]","clusterBy":"[]","description":null,"isManaged":"true","properties":"{\"delta.parquet.vorder.enabled\":\"true\"}"},"readVersion":3,"isolationLevel":"Serializable","isBlindAppend":false,"operationMetrics":{"numFiles":"1","numOutputRows":"19","numOutputBytes":"8331"},"tags":{"VORDER":"true"},"engineInfo":"Apache-Spark/3.5.1.5.4.20241007.4 Delta-Lake/3.2.0.5","txnId":"f319e7d2-babc-4718-b24e-b0aae0ae025e"}}
{"add":{"path":"part-00000-60f07985-bcbd-4f99-b9d4-50353157bbfc-c000.snappy.parquet","partitionValues":{},"size":8331,"modificationTime":1740053836653,"dataChange":true,"stats":"{\"nullCount\":{\"detail_rows_definition\":19,\"table_name\":0,\"measure_data_type\":0,\"measure_expression\":0,\"format_string\":0,\"measure_display_folder\":0,\"measure_name\":0,\"measure_description\":0,\"format_string_definition\":19,\"dataset\":0,\"data_category\":0,\"measure_hidden\":0},\"numRecords\":19,\"minValues\":{\"table_name\":\"Finanical Report\",\"measure_data_type\":\"Double\",\"measure_expression\":\"\\nIF (\\n    OR (\\n        HASONEVAL\",\"format_string\":\"\",\"measure_display_folder\":\"\",\"measure_name\":\"Base Amount\",\"measure_description\":\"\",\"dataset\":\"Finance-GL\",\"data_category\":\"\"},\"maxValues\":{\"table_name\":\"General Ledger\",\"measure_data_type\":\"Int64\",\"measure_expression\":\"var MaxPeriod =max('Date'[Fiscal\",\"format_string\":\"0.0%;-0.0%;0.0%\",\"measure_display_folder\":\"_Internal\",\"measure_name\":\"Report Scope\",\"measure_description\":\"\",\"dataset\":\"Finance-GL\",\"data_category\":\"\"}}","tags":{"VORDER":"true"}}}
{"remove":{"path":"part-00000-bc699d4b-a178-4ed6-a4c7-ecbdbe24cfec-c000.snappy.parquet","deletionTimestamp":1740053837060,"dataChange":true,"extendedFileMetadata":true,"partitionValues":{},"size":8331,"tags":{"VORDER":"true"}}}
