{"commitInfo":{"timestamp":1739958211404,"operation":"CREATE OR REPLACE TABLE AS SELECT","operationParameters":{"partitionBy":"[]","clusterBy":"[]","description":null,"isManaged":"true","properties":"{\"delta.parquet.vorder.enabled\":\"true\"}"},"readVersion":2,"isolationLevel":"Serializable","isBlindAppend":false,"operationMetrics":{"numFiles":"1","numOutputRows":"19","numOutputBytes":"8331"},"tags":{"VORDER":"true"},"engineInfo":"Apache-Spark/3.5.1.5.4.20241007.4 Delta-Lake/3.2.0.5","txnId":"eb51eb0f-d80a-4107-a144-9eee3076bce7"}}
{"add":{"path":"part-00000-bc699d4b-a178-4ed6-a4c7-ecbdbe24cfec-c000.snappy.parquet","partitionValues":{},"size":8331,"modificationTime":1739958211019,"dataChange":true,"stats":"{\"nullCount\":{\"detail_rows_definition\":19,\"table_name\":0,\"measure_data_type\":0,\"measure_expression\":0,\"format_string\":0,\"measure_display_folder\":0,\"measure_name\":0,\"measure_description\":0,\"format_string_definition\":19,\"dataset\":0,\"data_category\":0,\"measure_hidden\":0},\"numRecords\":19,\"minValues\":{\"table_name\":\"Finanical Report\",\"measure_data_type\":\"Double\",\"measure_expression\":\"\\nIF (\\n    OR (\\n        HASONEVAL\",\"format_string\":\"\",\"measure_display_folder\":\"\",\"measure_name\":\"Base Amount\",\"measure_description\":\"\",\"dataset\":\"Finance-GL\",\"data_category\":\"\"},\"maxValues\":{\"table_name\":\"General Ledger\",\"measure_data_type\":\"Int64\",\"measure_expression\":\"var MaxPeriod =max('Date'[Fiscal\",\"format_string\":\"0.0%;-0.0%;0.0%\",\"measure_display_folder\":\"_Internal\",\"measure_name\":\"Report Scope\",\"measure_description\":\"\",\"dataset\":\"Finance-GL\",\"data_category\":\"\"}}","tags":{"VORDER":"true"}}}
{"remove":{"path":"part-00000-3d91bf3f-6679-4c41-aa2b-53722cf5aff4-c000.snappy.parquet","deletionTimestamp":1739958211403,"dataChange":true,"extendedFileMetadata":true,"partitionValues":{},"size":8331,"tags":{"VORDER":"true"}}}
