{"commitInfo":{"timestamp":1740159679992,"operation":"CREATE OR REPLACE TABLE AS SELECT","operationParameters":{"partitionBy":"[]","clusterBy":"[]","description":null,"isManaged":"true","properties":"{\"delta.parquet.vorder.enabled\":\"true\"}"},"readVersion":5,"isolationLevel":"Serializable","isBlindAppend":false,"operationMetrics":{"numFiles":"1","numOutputRows":"19","numOutputBytes":"8331"},"tags":{"VORDER":"true"},"engineInfo":"Apache-Spark/3.5.1.5.4.20241007.4 Delta-Lake/3.2.0.5","txnId":"18d6642a-88d2-437f-ab9b-8bd14dc3c406"}}
{"add":{"path":"part-00000-9171fd36-804d-4946-beef-c80b25afdfa1-c000.snappy.parquet","partitionValues":{},"size":8331,"modificationTime":1740159679669,"dataChange":true,"stats":"{\"nullCount\":{\"detail_rows_definition\":19,\"table_name\":0,\"measure_data_type\":0,\"measure_expression\":0,\"format_string\":0,\"measure_display_folder\":0,\"measure_name\":0,\"measure_description\":0,\"format_string_definition\":19,\"dataset\":0,\"data_category\":0,\"measure_hidden\":0},\"numRecords\":19,\"minValues\":{\"table_name\":\"Finanical Report\",\"measure_data_type\":\"Double\",\"measure_expression\":\"\\nIF (\\n    OR (\\n        HASONEVAL\",\"format_string\":\"\",\"measure_display_folder\":\"\",\"measure_name\":\"Base Amount\",\"measure_description\":\"\",\"dataset\":\"Finance-GL\",\"data_category\":\"\"},\"maxValues\":{\"table_name\":\"General Ledger\",\"measure_data_type\":\"Int64\",\"measure_expression\":\"var MaxPeriod =max('Date'[Fiscal\",\"format_string\":\"0.0%;-0.0%;0.0%\",\"measure_display_folder\":\"_Internal\",\"measure_name\":\"Report Scope\",\"measure_description\":\"\",\"dataset\":\"Finance-GL\",\"data_category\":\"\"}}","tags":{"VORDER":"true"}}}
{"remove":{"path":"part-00000-bbbc29f8-ff57-4725-be12-3ffdea6046f7-c000.snappy.parquet","deletionTimestamp":1740159679991,"dataChange":true,"extendedFileMetadata":true,"partitionValues":{},"size":8331,"tags":{"VORDER":"true"}}}
