{"commitInfo":{"timestamp":1741170856941,"operation":"CREATE OR REPLACE TABLE AS SELECT","operationParameters":{"partitionBy":"[]","clusterBy":"[]","description":null,"isManaged":"true","properties":"{\"delta.parquet.vorder.enabled\":\"true\"}"},"isolationLevel":"Serializable","isBlindAppend":false,"operationMetrics":{"numFiles":"1","numOutputRows":"97","numOutputBytes":"8023"},"tags":{"VORDER":"true"},"engineInfo":"Apache-Spark/3.5.1.5.4.20250205.3 Delta-Lake/3.2.0.13","txnId":"61c70507-29c9-4ba2-acf6-091374cfe419"}}
{"metaData":{"id":"16c0f2ee-454d-4eec-8174-7ace9f2d38d0","format":{"provider":"parquet","options":{}},"schemaString":"{\"type\":\"struct\",\"fields\":[{\"name\":\"RowNumber\",\"type\":\"long\",\"nullable\":true,\"metadata\":{}},{\"name\":\"ReportNo\",\"type\":\"long\",\"nullable\":true,\"metadata\":{}},{\"name\":\"ReportSection\",\"type\":\"string\",\"nullable\":true,\"metadata\":{}},{\"name\":\"FromAccountNo\",\"type\":\"long\",\"nullable\":true,\"metadata\":{}},{\"name\":\"ToAccountNo\",\"type\":\"long\",\"nullable\":true,\"metadata\":{}},{\"name\":\"LineageKey\",\"type\":\"string\",\"nullable\":true,\"metadata\":{}},{\"name\":\"FileUrl\",\"type\":\"string\",\"nullable\":true,\"metadata\":{}},{\"name\":\"FileName\",\"type\":\"string\",\"nullable\":true,\"metadata\":{}}]}","partitionColumns":[],"configuration":{"delta.parquet.vorder.enabled":"true"},"createdTime":1741170856399}}
{"protocol":{"minReaderVersion":1,"minWriterVersion":2}}
{"add":{"path":"part-00000-6517fbde-9a41-45e5-a48d-a16f2b444f29-c000.snappy.parquet","partitionValues":{},"size":8023,"modificationTime":1741170856677,"dataChange":true,"stats":"{\"numRecords\":97,\"minValues\":{\"FromAccountNo\":1110,\"ReportSection\":\"Accounts Payable\",\"FileUrl\":\"https://prodata365.sharepoint.co\",\"ToAccountNo\":1110,\"FileName\":\"AccountRangeRules.xlsx\",\"RowNumber\":1,\"LineageKey\":\"648ad833-14a5-499e-a920-e54e9bb7\",\"ReportNo\":1},\"maxValues\":{\"FromAccountNo\":8500,\"ReportSection\":\"Variances\",\"FileUrl\":\"https://prodata365.sharepoint.co\",\"ToAccountNo\":8500,\"FileName\":\"AccountRangeRules.xlsx\",\"RowNumber\":97,\"LineageKey\":\"648ad833-14a5-499e-a920-e54e9bb7\",\"ReportNo\":134},\"nullCount\":{\"FromAccountNo\":0,\"ReportSection\":0,\"FileUrl\":0,\"ToAccountNo\":0,\"FileName\":0,\"RowNumber\":0,\"LineageKey\":0,\"ReportNo\":0}}","tags":{"VORDER":"true"}}}
