{"commitInfo":{"timestamp":1741170847774,"operation":"CREATE OR REPLACE TABLE AS SELECT","operationParameters":{"partitionBy":"[]","clusterBy":"[]","description":null,"isManaged":"true","properties":"{\"delta.parquet.vorder.enabled\":\"true\"}"},"isolationLevel":"Serializable","isBlindAppend":false,"operationMetrics":{"numFiles":"1","numOutputRows":"7","numOutputBytes":"2797"},"tags":{"VORDER":"true"},"engineInfo":"Apache-Spark/3.5.1.5.4.20250205.3 Delta-Lake/3.2.0.13","txnId":"66e5638e-b048-4614-a2c5-0dc15aa45996"}}
{"metaData":{"id":"d077202b-fb41-4bed-b02c-d341c85017b6","format":{"provider":"parquet","options":{}},"schemaString":"{\"type\":\"struct\",\"fields\":[{\"name\":\"DepartmentGroupName\",\"type\":\"string\",\"nullable\":true,\"metadata\":{}},{\"name\":\"ParentDepartmentGroupName\",\"type\":\"string\",\"nullable\":true,\"metadata\":{}},{\"name\":\"FileName\",\"type\":\"string\",\"nullable\":true,\"metadata\":{}},{\"name\":\"LineageKey\",\"type\":\"string\",\"nullable\":true,\"metadata\":{}}]}","partitionColumns":[],"configuration":{"delta.parquet.vorder.enabled":"true"},"createdTime":1741170847231}}
{"protocol":{"minReaderVersion":1,"minWriterVersion":2}}
{"add":{"path":"part-00000-a44d7aea-b3ce-4801-be24-4436ddb2eb50-c000.snappy.parquet","partitionValues":{},"size":2797,"modificationTime":1741170847540,"dataChange":true,"stats":"{\"numRecords\":7,\"minValues\":{\"LineageKey\":\"54bdc697-92e0-47b8-b806-704ae01e\",\"FileName\":\"DepartmentGroup.csv\",\"ParentDepartmentGroupName\":\"Corporate\",\"DepartmentGroupName\":\"Corporate\"},\"maxValues\":{\"LineageKey\":\"54bdc697-92e0-47b8-b806-704ae01e\",\"FileName\":\"DepartmentGroup.csv\",\"ParentDepartmentGroupName\":\"Corporate\",\"DepartmentGroupName\":\"Sales and Marketing\"},\"nullCount\":{\"LineageKey\":0,\"FileName\":0,\"ParentDepartmentGroupName\":1,\"DepartmentGroupName\":0}}","tags":{"VORDER":"true"}}}
